,LR,NB,SVM,MLP,RF,LGB,XGB,CatB,ResNet,FTTransformer
"('47_yeast', 1, 5)",0.4853890657682387,0.48724720660841914,0.4708970472647407,0.4616128602558458,0.3857734305697282,0.4198570294550872,0.4485123166770105,0.4475007737301903,0.34624255606135246,0.4586241032732396
"('47_yeast', 1, 10)",0.44311669504149903,0.46590771268961756,0.443209945784568,0.4640585353847842,0.391723438005446,0.401706936888701,0.40417824535123137,0.4616818853466468,0.3866630265457337,0.4073315471911654
"('47_yeast', 1, 25)",0.4574633934307767,0.47399796680649164,0.44399680828220106,0.4581198933906686,0.3837789235634987,0.4236681092069317,0.4292875653213485,0.4838535168735173,0.35360207247803,0.46690538843461304
"('47_yeast', 1, 50)",0.45017334311902674,0.42423097346803473,0.4912325513591007,0.5223891481526544,0.4979980400953786,0.49962737155206616,0.49464343757029794,0.5899678895313323,0.484293462955103,0.5096649339157054
"('47_yeast', 2, 5)",0.3660117315535689,0.3942199105408614,0.4162723842647015,0.38022669329674286,0.34030118220971356,0.32725015997729034,0.321631784638578,0.3437102416029776,0.32459623728828524,0.31542233504117945
"('47_yeast', 2, 10)",0.3718602295806166,0.44798998705458215,0.46364400630049674,0.4111030340482348,0.35609511292572255,0.35343704751561317,0.3266517056044652,0.3824523104773926,0.29385573590165437,0.4139631022224793
"('47_yeast', 2, 25)",0.45261497186699845,0.4340547942391309,0.4786436727373161,0.5234828753794102,0.43890598751554166,0.47741415537457477,0.48846109064244614,0.5333914592110701,0.4185823957225062,0.46907111734454143
"('47_yeast', 2, 50)",0.48783189082527173,0.5124344355783357,0.4904627739668327,0.55418498466234,0.4665786096981127,0.4648968636899077,0.4898412668519764,0.5351417531844193,0.4520987727882535,0.496780943032027
"('47_yeast', 3, 5)",0.4156428831190684,0.3645547096667394,0.3546142300574149,0.3565828600137019,0.3508546102909386,0.3385377107567578,0.3605359038469714,0.32064193187615647,0.30348921048573607,0.3103219886236067
"('47_yeast', 3, 10)",0.4693651939007798,0.4574280990596793,0.3009726195179107,0.4143310201569397,0.36731561536158686,0.37484305145842167,0.3430528926998353,0.3615963709171852,0.44069004090170716,0.368331813183028
"('47_yeast', 3, 25)",0.4764098045778432,0.4884821970837786,0.4209148581721451,0.4787341565009726,0.39995087922042394,0.42091761090753366,0.40948681491169053,0.4384872626050208,0.40764129249048264,0.4032783841664957
"('47_yeast', 3, 50)",0.4827495467166811,0.42893020126554326,0.4053811308423192,0.5106032738111439,0.4282189091807039,0.4729793035870391,0.47332745872361026,0.4816730511831934,0.3878103637543623,0.41704401416623915
"('20_letter', 1, 5)",0.22856035088541,0.10399241535880976,0.04011188091648772,0.06174005154413616,0.19557539682539682,0.20764053945245434,0.22761297865244023,0.1904756459791923,0.4317950606172733,0.13942498331887251
"('20_letter', 1, 10)",0.1475125747418887,0.11527633559383206,0.23976320597418332,0.061651957922835635,0.24217425189986164,0.22246372287108046,0.21832840013725688,0.28663363147578236,0.37043058396723066,0.1554788026420847
"('20_letter', 1, 25)",0.29236121012289185,0.1160200758351915,0.3534764895648781,0.512201224827359,0.43413949759515114,0.508342311593584,0.5282918541609334,0.565256745646862,0.45385547602241966,0.5273783480619747
"('20_letter', 1, 50)",0.34692208872459956,0.18765210724100723,0.614988311743861,0.5840210866464713,0.6390315259685497,0.7005413583779668,0.63239094671474,0.7545880424042852,0.7748666852009597,0.6253256166590849
"('20_letter', 2, 5)",0.0701844334105857,0.07290456640396122,0.16465708912781296,0.09119108171777346,0.09476744186046511,0.12585549530178225,0.16994377400033986,0.14229632187348437,0.36097775499345613,0.17597416339088515
"('20_letter', 2, 10)",0.11328697009045,0.13622773889495612,0.04982165100249185,0.22583245297928853,0.1579847044076724,0.24395812722641602,0.27876171401442096,0.3036984826337839,0.3471874169523427,0.23660623299683176
"('20_letter', 2, 25)",0.21871463127396598,0.12511030017079622,0.24483277053659308,0.42841593741104306,0.4088900488289161,0.44616936490303005,0.4260771343777475,0.4530540265608573,0.5918745771445233,0.580610541683759
"('20_letter', 2, 50)",0.2599466573099236,0.13962129849823135,0.42496695978297805,0.5270430494905299,0.5601992614904382,0.5483585811026203,0.49073968960780767,0.6798261827277319,0.6880853086249972,0.6078864977061481
"('20_letter', 3, 5)",0.10913771843110504,0.09423075080365897,0.06073065012305558,0.05389661291036278,0.1837041958344136,0.12484982412789446,0.08956951599818001,0.1293096175176094,0.2711770388240641,0.12992185494559105
"('20_letter', 3, 10)",0.1091257896215705,0.10854780245152691,0.14914082848040036,0.16174718567122545,0.15849358974358974,0.1726039557214711,0.09673444472473929,0.13748800091907434,0.17647176717971774,0.2057391446320529
"('20_letter', 3, 25)",0.22670877873300316,0.1575872496560021,0.2918540943724221,0.3666693234439271,0.3299514319104079,0.5036644953322271,0.37269733066609206,0.4762026774832574,0.4314319630168578,0.3753047700088465
"('20_letter', 3, 50)",0.2810116819867019,0.19196362393093896,0.5348046816367448,0.5353082635478336,0.6221488441570227,0.6582202701463264,0.5461561064095588,0.668271769281895,0.6488360793177513,0.43409678475405455
"('6_cardio', 1, 5)",0.78474504254239,0.7648177930633416,0.4044180887587502,0.6277972733438848,0.5919076525260869,0.679545875686917,0.7758671345928687,0.8683434655158107,,0.4432127523184712
"('6_cardio', 1, 10)",0.7473208443112695,0.7517819038395269,0.48381437981149944,0.7422313464091903,0.8428399354187303,0.8016638620106482,0.8382623159594125,0.9039677742057862,,0.5313721742428767
"('6_cardio', 1, 25)",0.7913136413318406,0.9055983045374365,0.5062741348328144,0.7422161457945611,0.8237041154714148,0.858177857018702,0.8723013050146857,0.9274157804611665,,0.6830513217455756
"('6_cardio', 1, 50)",0.8910954390569815,0.9394598459254322,0.6807294018515196,0.8880205984921635,0.9616505583009042,0.940323086633449,0.9325817917121773,0.9619267132308288,,0.8891422858938242
"('6_cardio', 2, 5)",0.5712132431386977,0.3865601880160089,0.38354686738640636,0.3721178402158215,0.3573646532408827,0.48589447605613956,0.6311081606993411,0.6857608663724285,,0.5798848653230203
"('6_cardio', 2, 10)",0.7073798023977078,0.5263234048557458,0.4625944935580584,0.5971255210402021,0.7533910963421631,0.6108575186382122,0.7689946082786956,0.867467792437056,,0.6200339055668285
"('6_cardio', 2, 25)",0.7580288717888337,0.6779422673813574,0.5173249409182372,0.6317437627621706,0.7998376529053448,0.6230045748197601,0.7286812720953632,0.8376155884071794,,0.8033874668524363
"('6_cardio', 2, 50)",0.7863266722160369,0.7132413594116978,0.6633799260336117,0.6929071392377852,0.8230453303313113,0.6679639610172817,0.7446538456053329,0.8107212836537137,,0.7603212479081114
"('6_cardio', 3, 5)",0.564508056191521,0.5579034347425096,0.5713147489421704,0.46636909126683684,0.40924870590170015,0.40505202239661947,0.4084556268465692,0.7965186216781983,,0.4301205730287736
"('6_cardio', 3, 10)",0.7101407013691016,0.7761731312942837,0.3975039112172288,0.6183808003643634,0.49912973181682374,0.6772661180079119,0.6357550924755032,0.8305884869917682,,0.7470572756423335
"('6_cardio', 3, 25)",0.7456066961320372,0.7266287883073859,0.45462916072423437,0.6418084956270224,0.8237695304948487,0.6673696466370239,0.7364484513627574,0.8570719102600001,,0.7615144693856688
"('6_cardio', 3, 50)",0.8390456672251694,0.6969028847615513,0.7377428034136295,0.8364899393913616,0.9079755982888247,0.9010273826769963,0.8874113737809912,0.9210415545107968,,0.861156502783238
"('12_fault', 1, 5)",0.5329524238417691,0.5041746351662605,0.3148096296559093,0.5099428233246557,0.37873966927929975,0.4215727676354814,0.38051221040125716,0.4895641318668973,0.4459308341511068,0.3766001460347105
"('12_fault', 1, 10)",0.4936280252919035,0.4754030860299543,0.5005600681254428,0.5174991851626702,0.4147803951554185,0.4574622343127743,0.44342996269133506,0.5286806177878178,0.45018671073927957,0.4150083507645099
"('12_fault', 1, 25)",0.4835787190009334,0.4251551843823902,0.46225535281880004,0.5045951342756538,0.47230397934479423,0.5355178441577442,0.5291164345006741,0.6040869438934713,0.4171832345374873,0.4775756259125492
"('12_fault', 1, 50)",0.5570531745304561,0.5481731613337165,0.5150052483159681,0.5915367325995556,0.5719426241820463,0.5951406641022601,0.6001146892332936,0.688634117116096,0.4814094273756022,0.542424712018354
"('12_fault', 2, 5)",0.38067854336002704,0.36981130128083795,0.29850917696516355,0.41812955467508667,0.34792481983254614,0.4009152778115702,0.40258301499550764,0.3926761942697986,0.36702040786925916,0.3549026344237396
"('12_fault', 2, 10)",0.4189668100905908,0.43444203481904337,0.34112373837991916,0.4424607659543955,0.4021733724109985,0.40194374258762877,0.4222634269132297,0.46583038175528113,0.36551563207174587,0.4427039523420919
"('12_fault', 2, 25)",0.5208845247733864,0.46243581941250206,0.41140526137414046,0.47300548990330976,0.4402128074300354,0.4889554446264832,0.5101125309346399,0.5475097692334939,0.3729273143335171,0.4452527876770632
"('12_fault', 2, 50)",0.5280350340871631,0.46561594219983826,0.3747006235794297,0.5151328982759216,0.49440796181095265,0.545753738610163,0.5163756682757679,0.5798793525974402,0.4648412131689593,0.45422687979060805
"('12_fault', 3, 5)",0.5497291450706849,0.4811234810235068,0.3254684971767693,0.5247060299845564,0.43026393970561905,0.5009084218836984,0.4927153907998469,0.5369137687405208,0.40590877843111395,0.43149622637266893
"('12_fault', 3, 10)",0.5569520779975503,0.52327465485135,0.41309407360763895,0.48792076976434257,0.47762658798289,0.5331958830345249,0.5241945795535283,0.5808137536149931,0.29332468325368405,0.4922177954906856
"('12_fault', 3, 25)",0.5617616254375695,0.5270233867040723,0.29099853843834833,0.5473430343177557,0.5852829032101079,0.5691262549278663,0.5849911365997652,0.5966136349380248,0.4320725283762044,0.46872946362405277
"('12_fault', 3, 50)",0.637416141668017,0.5564637733943079,0.5774243282016919,0.5670612141720104,0.633915446549612,0.6156562126240235,0.6073939764345712,0.6260126614602768,0.5323563904605817,0.5515519950304894
"('17_InternetAds', 1, 5)",0.6245093931163632,0.1942064714946071,0.39823002617804476,0.20499230621876086,0.28998459167950696,0.508360971379278,0.6191007909482975,0.5917580194073969,0.21573027551770177,
"('17_InternetAds', 1, 10)",0.4804035300246293,0.19445300462249615,0.3534600426376959,0.23684379415385226,0.2537767160279623,0.31523333063572107,0.30506030632124803,0.6089103971413421,0.29075024107469705,
"('17_InternetAds', 1, 25)",0.5777856257251438,0.2172958397534669,0.5040815961532822,0.36748371795318047,0.3096445305031374,0.440631743891262,0.5997036212347964,0.6885389924644574,0.39239782485717445,
"('17_InternetAds', 1, 50)",0.696428389089211,0.3154143237348168,0.5990832390909262,0.5288995122494307,0.43985342017458723,0.614252280787434,0.6979018223408412,0.7805465832179997,0.42139375420040903,
"('17_InternetAds', 2, 5)",0.6877005592435013,0.18777606574216743,0.48846565569831446,0.19870640655539917,0.32399184448491075,0.20100743653136183,0.5473651126194441,0.7081666083404902,0.21356194558367253,
"('17_InternetAds', 2, 10)",0.6942021383564174,0.1891114535182332,0.5268728100361246,0.2490921898169108,0.43069763652764653,0.35869722724078945,0.6564478720902936,0.7129817244572109,0.22204236966115942,
"('17_InternetAds', 2, 25)",0.7277945770808012,0.1980212472629957,0.5394771219282168,0.34050850039547204,0.3026900602680913,0.48412804387779806,0.6462220721946729,0.7107428422039732,0.34359239445445444,
"('17_InternetAds', 2, 50)",0.8013013444104952,0.2848114375205234,0.6789568220535059,0.5269157678149109,0.4652205778042354,0.6732775977644909,0.7243612417885686,0.8391104188526148,0.5121781630157933,
"('17_InternetAds', 3, 5)",0.3594298373732145,0.19517205957883924,0.1496053390867838,0.1646888051879692,0.2418839729009221,0.18702190766722288,0.26435839845109943,0.7590996595940538,0.24374774532071586,
"('17_InternetAds', 3, 10)",0.643956223894736,0.2032186269474405,0.37989381739834105,0.24083561294443429,0.37624847997918703,0.2999617204415731,0.5298162523058687,0.7353936627396442,0.2510414610604521,
"('17_InternetAds', 3, 25)",0.7013632774418078,0.21220681390172916,0.5417989051249158,0.3698753314243369,0.5687466042032147,0.5185199574985158,0.4999828720633882,0.8101670239174764,0.33676401343216067,
"('17_InternetAds', 3, 50)",0.7260134998181154,0.23015595088014196,0.5563583878604246,0.43797583862682654,0.6531815289415717,0.6321564424952288,0.6238836837961297,0.8875827691150888,0.34676431180058487,
"('7_Cardiotocography', 1, 5)",0.5703097501737532,0.5439365998866055,0.5150379279558253,0.22046134121453842,0.4116618832114423,0.5931822482000081,0.6147121197605991,0.6932643173471952,0.48690998461709256,0.6618998661036108
"('7_Cardiotocography', 1, 10)",0.4728582251324466,0.6315296653341481,0.5779022491771836,0.23755280366256254,0.527458257328026,0.6587934761068327,0.6374492163539212,0.6984364578209059,0.4902949357229058,0.6609746760956743
"('7_Cardiotocography', 1, 25)",0.5697328875815276,0.7835559274477607,0.42045470453282335,0.63143469234425,0.6581080457427249,0.5780637499231707,0.6664050245007556,0.7221760134117423,0.45495751920614075,0.5612003305962825
"('7_Cardiotocography', 1, 50)",0.7181299670155743,0.8053468863879512,0.41121725214745347,0.6670024710100301,0.7542977451814727,0.7894118777680192,0.7691051593805657,0.8130301935768822,0.4942757479341507,0.7303482781845105
"('7_Cardiotocography', 2, 5)",0.5592338448383584,0.5522579916136239,0.1745258653133565,0.14575807862266044,0.3557221546915849,0.5299991351440442,0.5568207532480459,0.5958605201181179,0.4559907461320013,0.6859957465274841
"('7_Cardiotocography', 2, 10)",0.6380036104803104,0.7209827257258226,0.6093076432043366,0.6240338112407597,0.4810605493072251,0.5138613748328832,0.6423190746092017,0.7094952137153707,0.5271531827621485,0.6644517152589071
"('7_Cardiotocography', 2, 25)",0.6965744361019576,0.7561170863549365,0.15793581719046143,0.686130932120514,0.611054200563008,0.6970640540511417,0.6973027763201285,0.7946966932600523,0.42446854808133305,0.6840768472976818
"('7_Cardiotocography', 2, 50)",0.7558070078894963,0.7887454873273946,0.561846431856207,0.6931519357641844,0.7509382708343937,0.7512613435368218,0.7614504624935957,0.8123547678848444,0.4990411860752159,0.6871865821263867
"('7_Cardiotocography', 3, 5)",0.39875706918461407,0.6213684299858053,0.3534608317171601,0.18397455217091935,0.37855601614681944,0.4775363442101761,0.46210515160851184,0.5611625030510984,0.19349291417400677,0.6037816914835366
"('7_Cardiotocography', 3, 10)",0.4593883309486379,0.7035380133122611,0.44495118751378354,0.20947157766114283,0.42647492467985343,0.6043834745002041,0.650015448468134,0.6519568555115717,0.22236670529411123,0.5685392482532363
"('7_Cardiotocography', 3, 25)",0.6002015980509764,0.7156338600095133,0.5190183985963019,0.5923493163204255,0.5891555586388302,0.5920220543821793,0.6436484496899156,0.6924013174815259,0.35634264970277074,0.6386819557653429
"('7_Cardiotocography', 3, 50)",0.7014516195752059,0.79488961118543,0.5952028702688515,0.7081444945977556,0.7034243498928294,0.7534568021330661,0.7658643572934588,0.7723341356825317,0.5547851814102461,0.6841719518936928
"('24_mnist', 1, 5)",0.2484339646177584,0.09692642458860329,0.3095444713193523,0.42994236401484853,0.4025267467086689,0.33156306938127894,0.3891372240766324,0.540781145347643,0.13408843817022853,0.7210393268739108
"('24_mnist', 1, 10)",0.39570473333409933,0.10750208855472013,0.49738228416566893,0.4667085982175514,0.48173767752715113,0.5381557631933322,0.528243499187811,0.6776150940547585,0.23128911418010634,0.777864043982882
"('24_mnist', 1, 25)",0.5204528946603875,0.10032272658724174,0.6899200808528122,0.6149745689083587,0.7359164645840507,0.7556585698220184,0.7532940647342348,0.8195430333247984,0.5181222143555615,0.7886204985169861
"('24_mnist', 1, 50)",0.7152835599157461,0.16461112260210872,0.7506706390420481,0.6952686113619146,0.8347933682032544,0.8585431318736344,0.815551270907235,0.9117428401156338,0.5986014223545204,0.8197430355321594
"('24_mnist', 2, 5)",0.33269819989999666,0.11164902567442869,0.25718744359004814,0.49744514347950886,0.35837947917473756,0.4419218506789296,0.49226553460318895,0.5860776644065502,0.17960540050220772,0.6771621989868315
"('24_mnist', 2, 10)",0.42291190162648573,0.1098391545451906,0.062434309824423335,0.45122548268689694,0.521522590698477,0.45315997185127677,0.6158475403423593,0.720064036256998,0.25064745747219763,0.6632610775833091
"('24_mnist', 2, 25)",0.4861354137590196,0.11550679834900796,0.5509331470518771,0.5217783584288418,0.6812662882103689,0.7166401211852708,0.7645204045883536,0.8262689549256148,0.3612342172661932,0.7170616736681593
"('24_mnist', 2, 50)",0.5370843468020997,0.1159631964121482,0.6539191454275246,0.5188104806492948,0.8065306814469251,0.7902353560280229,0.7980352205697595,0.8475201360912133,0.4591594688623881,0.7478445896105808
"('24_mnist', 3, 5)",0.4790243695900041,0.23389926386499094,0.05115302601285278,0.4968476419627074,0.48411336442731484,0.4967219498771181,0.645222160640496,0.6624271594388967,0.3466687553668061,0.5910415494573614
"('24_mnist', 3, 10)",0.4973995910809057,0.1057192741784623,0.5948005153889409,0.5726327391124718,0.6212169522465437,0.6841090244732032,0.7502359608937916,0.7567170118541982,0.4699658524107157,0.7184475834460551
"('24_mnist', 3, 25)",0.5769891545425048,0.1082370762420998,0.6489931649467428,0.5930029412154728,0.7042825678823086,0.706222832030078,0.7329788438914305,0.8179256719273307,0.5600588558411193,0.7826821042046944
"('24_mnist', 3, 50)",0.6932889100214463,0.14659555369104665,0.765177934480382,0.5917523575377874,0.8286320421553683,0.8382087800454505,0.8352229712232294,0.8752727077472922,0.6483991919386339,0.8180938173729959
"('9_census', 1, 5)",0.3369692414189779,0.09619883040935673,0.21263103190766458,0.28298208152150695,0.1798168624174816,0.3029959125124353,0.3485483223404872,0.3357303367152985,0.10606881671719395,0.3358822577064796
"('9_census', 1, 10)",0.3649133646453463,0.07973684210526316,0.2401817414843935,0.26942263321066895,0.2792655939303267,0.4050988607385814,0.42425686082591074,0.24241268755658163,0.10229877277015938,0.25813906489731525
"('9_census', 1, 25)",0.3246196772424144,0.08770620581304006,0.27554654931480316,0.21292426683123195,0.3015298531698638,0.34072487744768637,0.310445402790255,0.3867955030740386,0.1939975903015354,0.19477966094255764
"('9_census', 1, 50)",0.36616243383065883,0.11710001499475184,0.305007989310053,0.23227809925790735,0.39989192715636784,0.32033825516760644,0.33016550439520964,0.4382480684067153,0.17245397456787126,0.21169733572033536
"('9_census', 2, 5)",0.2444748390788239,0.08666666666666667,0.17348941478692098,0.20880238036464127,0.1597308221534228,0.1984456333922241,0.26555649261364767,0.3437156010869954,0.08309568339141188,0.20199685300520065
"('9_census', 2, 10)",0.28826099886619405,0.11111111111111112,0.18104945000181738,0.25327336909279935,0.19586071615338013,0.28607417990859413,0.280294026707021,0.311547205478773,0.12673374967675594,0.2131639824985092
"('9_census', 2, 25)",0.47232516439314914,0.11469255663430421,0.26645469348649825,0.3373184625437108,0.3151847939916016,0.4863829284572187,0.4143162908066596,0.44610184723427976,0.2084062203142305,0.2602229477316053
"('9_census', 2, 50)",0.5382681871853294,0.15052083333333333,0.3529070304380459,0.38716401408361817,0.48081888888398544,0.5916484047086339,0.5317788404553813,0.572916299114144,0.27653913469379837,0.363700167319678
"('9_census', 3, 5)",0.2394925379124606,0.0672693032015066,0.038410675029926025,0.2112404804206363,0.17941113168431214,0.2937420590364113,0.3006746255677688,0.2745565139027959,0.07020040263321568,0.19676583674610545
"('9_census', 3, 10)",0.30269713871403975,0.07747645951035782,0.237123249477702,0.22471421885630471,0.2610701551239756,0.3282095353195467,0.3832064202171664,0.3243773045990587,0.14689127728002796,0.21778746194924678
"('9_census', 3, 25)",0.4261942029322968,0.13877051385525963,0.34933579190196085,0.3619359488385207,0.3188954112893003,0.47136417003971326,0.4472573723749169,0.4523952731022354,0.16832143685553513,0.3156719153339699
"('9_census', 3, 50)",0.47205438241200376,0.11817998385794995,0.41969152692846395,0.41174517249721404,0.4485384337386306,0.5494058483483186,0.5195708788904452,0.5259526767992333,0.28579825374225876,0.37260274692568807
"('28_pendigits', 1, 5)",0.971347263371277,0.31386946386946385,0.8183899263595216,0.9570707070707072,0.7645022808732485,0.6936907704523556,0.6712831264596612,0.8505866902807666,0.7175649083415963,0.9496380056724884
"('28_pendigits', 1, 10)",0.971347263371277,0.9606283422459891,0.8529227326414258,0.9648218258339425,0.9411111111111109,0.9017545818981225,0.9698142621239606,0.9873251748251748,0.8204800038221481,0.9878787878787876
"('28_pendigits', 1, 25)",0.9538437752723465,0.9709388971684052,0.8736688498728232,0.9394513082139856,0.9980237154150196,0.9980237154150196,0.9980237154150196,0.9999999999999998,0.9560023310023309,0.9999999999999998
"('28_pendigits', 1, 50)",0.9941460055096419,0.9773418637054998,0.9999999999999998,0.9999999999999998,0.9980237154150196,0.9999999999999998,0.9980237154150196,0.9999999999999998,0.9980237154150196,0.9999999999999998
"('28_pendigits', 2, 5)",0.7896913919827481,0.8827643801126372,0.32058605997065476,0.8217354218570136,0.6339364250847503,0.5056237217151464,0.48369533257999453,0.7171902892030948,0.5836743922422535,0.7728662680019067
"('28_pendigits', 2, 10)",0.7912796830735038,0.821887644380013,0.013163716804798463,0.8008854861092504,0.7163342067289434,0.7762857390019354,0.7681028978995486,0.8071309061280629,0.7514150867094321,0.7484651378678174
"('28_pendigits', 2, 25)",0.8671382800769211,0.8912912800577585,0.6300531737198937,0.8758756495778754,0.921189263322884,0.7893951064184418,0.8039783039945896,0.9754379266978082,0.9570261148751138,0.8324531907109062
"('28_pendigits', 2, 50)",0.8940774899049793,0.9009317009513003,0.9962121212121213,0.9126153943945706,0.9733201581027668,0.8946923590177092,0.9203943278943278,0.9606687007373506,0.9741532976827094,0.9155961224565221
"('28_pendigits', 3, 5)",0.9501989530936896,0.9675420379178669,0.4981087059917167,0.9510923456641984,0.7385112112418444,0.5941921450231928,0.6966492409954097,0.9192495224528046,0.7420558862026442,0.9789356984478935
"('28_pendigits', 3, 10)",0.9379864688688218,0.9589191605495953,0.5378073444302259,0.9441690921500356,0.8742207803796109,0.7069418274912731,0.6179524710819321,0.921998062695737,0.7365117078518165,0.961678996374354
"('28_pendigits', 3, 25)",0.9777483481430849,0.9839262187088271,0.9340303825625629,0.9854654202480289,0.9902597402597402,0.9147512955387347,0.8874961517419206,0.9905928853754941,0.9999999999999998,0.9999999999999998
"('28_pendigits', 3, 50)",0.9890544238370325,0.9902597402597402,0.9999999999999998,0.9980237154150196,0.9980237154150198,0.9945454545454545,0.9887763751400115,0.9980237154150196,0.9930069930069929,0.9999999999999998
"('11_donors', 1, 5)",0.9913900160708284,0.6448637316561845,0.037541811777556736,0.30651159427907326,0.3554331591970898,0.5572719967966306,0.6329151472441991,0.8021897657382364,0.7754948437051294,0.9799044709181014
"('11_donors', 1, 10)",0.9985617914072671,0.8514255765199161,0.03461745555830596,0.5939658364684428,0.6189376165610301,0.7680456782296539,0.7341412026553313,0.8999417137480616,0.9054561845439335,0.9942899702085402
"('11_donors', 1, 25)",0.9974214281502081,0.8514255765199161,0.9881743289928249,0.8765809819084196,0.8231564170771926,0.8031770977858959,0.8406314449349652,0.9297488967377519,0.929070432897748,0.9944654088050314
"('11_donors', 1, 50)",1.0,0.8688524590163934,0.8445399429002255,0.9916471269069973,0.9419109737246623,0.9494601442412895,0.9324717866598083,0.9656205730850098,0.9800199331769849,1.0
"('11_donors', 2, 5)",0.9655876019592641,0.8847474747474747,0.03177872429842589,0.6018996195277941,0.34263884066023104,0.48050425474475883,0.4943935469694388,0.7451210754906289,0.5704820707543369,0.893691383480944
"('11_donors', 2, 10)",0.9628926695781562,0.8847474747474747,0.9851282051282051,0.816162748919314,0.6883281925794,0.6972067498612058,0.6934268469746853,0.9154921672360649,0.9501591633908021,0.9982116244411326
"('11_donors', 2, 25)",0.9888324555156842,0.9016393442622951,0.8712182824573876,0.9962084132440965,0.9468514896057368,0.9252421050723656,0.9567869409670886,0.9856503389531763,0.941590803696176,1.0
"('11_donors', 2, 50)",1.0,0.9016393442622951,0.6861044310051957,0.9984848484848485,0.975383664555546,0.9836502022535517,0.960680087936968,0.9849360829207507,1.0,1.0
"('11_donors', 3, 5)",0.9710924153447564,0.8166120218579235,0.8951412921019367,0.1968942882778377,0.3973211033047099,0.33727027471688253,0.45884933526144955,0.6784547013000327,0.49786935086615225,0.9922505248160052
"('11_donors', 3, 10)",0.9569489777479496,0.9090556256130027,0.9945955683660601,0.7744087403979274,0.5022554401457565,0.5534998806061274,0.5451489749354347,0.8258773616833048,0.7689481035969234,0.9017013735577032
"('11_donors', 3, 25)",0.9986471725429342,0.9090556256130027,0.9987580725285645,0.981096806551791,0.8591510811899212,0.8101514679623177,0.7717876955087558,0.9631868669860886,0.9430603541087723,0.9976910644193028
"('11_donors', 3, 50)",0.9874172812910835,0.9242424242424242,0.9247388553882705,1.0,0.9623623128454615,0.8828279156058109,0.850583010009511,0.9559545436370053,0.9991936206303659,0.9985319305113777
"('1_ALOI', 1, 5)",0.04545414510027722,0.03380541559820461,0.05804175734792305,0.04930643636499241,0.07325609031491384,0.06698914872108847,0.06380726200912559,0.05398201016070922,0.03603377526792704,0.037618966090932404
"('1_ALOI', 1, 10)",0.03789513641937601,0.0341204959331205,0.0590221980703511,0.04435117428153295,0.09751892836342457,0.11630292408234169,0.10281256618189832,0.11584426283034528,0.12082728323549827,0.03730780785967786
"('1_ALOI', 1, 25)",0.03233432460893922,0.028221376518906702,0.028959752539590027,0.03204670305415451,0.06816634342852984,0.09068724208465273,0.08488126658786216,0.10883340153694843,0.03456376513609061,0.03153802153025255
"('1_ALOI', 1, 50)",0.03322315388494869,0.03258486819244649,0.032083791835046595,0.038296447792648985,0.08725502450524586,0.1446160323598772,0.12028402662017133,0.1023002736564799,0.06309896226837745,0.033690449529912805
"('1_ALOI', 2, 5)",0.0521599803327685,0.03491140785688274,0.04096235712748259,0.030487270516969825,0.055592330708924664,0.06191718249361033,0.06748926580609944,0.0641074480237307,0.04397254535759017,0.0317107247467489
"('1_ALOI', 2, 10)",0.05420118467187226,0.03315317406699156,0.04656249481654584,0.03180866192477657,0.0658635204243044,0.05887879701291807,0.06149328430315579,0.07932309422895546,0.0400235423816768,0.04575473229638628
"('1_ALOI', 2, 25)",0.031268558323957384,0.0404039766747248,0.04387324616324515,0.032690584923310693,0.07840851110814093,0.10402306788017736,0.08328387939989963,0.09199283393612716,0.08038357353755084,0.0323601684181389
"('1_ALOI', 2, 50)",0.0335244012185473,0.04359554239955989,0.033971326447690756,0.0319250724003174,0.07887170979114913,0.09753330487041895,0.08225694833311577,0.07771920243881209,0.0633969692136239,0.03269364465849063
"('1_ALOI', 3, 5)",0.03097772745183556,0.03905280657841785,0.05678602690040483,0.032677254244587846,0.03575122108157117,0.03754409022268392,0.03403214676969527,0.044859502616498056,0.07877465164113479,0.032030343720880684
"('1_ALOI', 3, 10)",0.029397103072454984,0.05298998900874713,0.05564609002077082,0.03723084113828849,0.038541684863276256,0.04704495356016372,0.04344036452328055,0.0598018842984238,0.049410622092958975,0.028967356761818216
"('1_ALOI', 3, 25)",0.026787560241034153,0.028937225359855035,0.04090198193241117,0.027251753915616586,0.04118433812966639,0.034436998314359354,0.04137700208668943,0.04970133586622661,0.02640795191726847,0.027192617800061943
"('1_ALOI', 3, 50)",0.0264977537033773,0.03286259929071204,0.04407727063106128,0.026234102675414473,0.08139324657550376,0.0923631726728466,0.08867871759100301,0.07958372551183872,0.06114528849545552,0.027318993300723366
"('44_Wilt', 1, 5)",0.8200611101862373,0.6322390144862701,0.12788030571149445,0.4776949672101465,0.10680494749261385,0.32552391179283124,0.48911894638139924,0.5873157248388811,0.4561168985329758,0.5255764641772289
"('44_Wilt', 1, 10)",0.7746108155428552,0.6571709094419009,0.4945462173429029,0.7872136691571432,0.21993623945476967,0.42419521406843724,0.5272027487528346,0.7572255014574438,0.7227966708244232,0.2823405759190244
"('44_Wilt', 1, 25)",0.7996181003714345,0.6842480756979621,0.06021673022311548,0.922208349332218,0.6417233635084496,0.6999132835226471,0.736044846187216,0.8537527613044603,0.8390510215844995,0.8972106620396418
"('44_Wilt', 1, 50)",0.819208532337566,0.6885519055511342,0.4704190243716342,0.8950014060387798,0.9004326400978653,0.8604090267881324,0.9135094934492063,0.900183916446742,0.9378558179638727,0.861790701501629
"('44_Wilt', 2, 5)",0.5987383227816113,0.4109320204376908,0.11929113337086052,0.114673897672424,0.30686088215367036,0.4736736394508402,0.49683968885743984,0.6527051048482879,0.4483625932601881,0.13999965127178904
"('44_Wilt', 2, 10)",0.6123089589880905,0.3319118450841242,0.19225459559902325,0.22942855875945792,0.42619180744989593,0.5508551359284496,0.5477427855294035,0.7802265566873229,0.5034273481809926,0.7941751854472798
"('44_Wilt', 2, 25)",0.6329340437093197,0.2777025150023933,0.44631284628646656,0.685679116220572,0.5416663170193154,0.637449851859313,0.5968125352956918,0.8342883736099385,0.5703117011511359,0.81770112110866
"('44_Wilt', 2, 50)",0.6377122701420807,0.3880349942030785,0.8726150687799057,0.7277182131406813,0.6879749466325801,0.7575779006555379,0.7627110662218634,0.8237310655963486,0.82540513876339,0.7499988412113882
"('44_Wilt', 3, 5)",0.6978788513113658,0.3945037515913522,0.14781476546231104,0.6537854720323221,0.18367008791820819,0.4230684605756886,0.4919423337477933,0.7455935028068256,0.5011367202133507,0.12967599090345072
"('44_Wilt', 3, 10)",0.743897316963798,0.4455043105723323,0.123645844032212,0.6254647712117594,0.3784126171196298,0.5861503865772957,0.5840558693200513,0.7984530419244305,0.5824922867645803,0.7503714219665896
"('44_Wilt', 3, 25)",0.7483189198593184,0.479578453814738,0.3284482390026735,0.7619110226980882,0.6888754244131639,0.7309956705710646,0.7447366708535104,0.8750738791045665,0.794992477961154,0.8177179388663747
"('44_Wilt', 3, 50)",0.7411186922744956,0.480832628281209,0.20374282975070596,0.622994308756549,0.8120563499129999,0.8352697324261463,0.8402551055846175,0.8694399052990212,0.8541031823042737,0.8484610458685076
"('38_thyroid', 1, 5)",0.8858769418657024,0.9674147065056157,0.06608873838329964,0.9281863182115353,0.5637190082644628,0.6899991770448255,0.7132519734677343,0.8781445050165144,0.1544985296364571,0.6207330261785869
"('38_thyroid', 1, 10)",0.9189724310776942,0.9806384145589543,0.19637121525700435,0.964197808120733,0.7406413791365793,0.6691208207501215,0.6821962628716383,0.8975011031458661,0.45290572249763594,0.5618352463789483
"('38_thyroid', 1, 25)",0.9827823691460055,0.9837293388429751,0.822339543570406,0.9791643139469225,0.9824134199134198,0.9434987482268409,0.9756764069264069,0.9873251748251748,0.7787561822228553,0.9858126721763083
"('38_thyroid', 1, 50)",0.9808959156785244,0.9791643139469228,0.9823232323232323,0.9828509498916229,0.9945454545454546,0.9999999999999998,0.9999999999999999,0.9999999999999998,0.9736796536796535,0.9890282131661441
"('38_thyroid', 2, 5)",0.7405266474405757,0.8871611708623893,0.470434891856579,0.40909936795595103,0.6739921694467148,0.593631001406335,0.7518283137135706,0.7985246790978016,0.4321233195667869,0.8320678122724958
"('38_thyroid', 2, 10)",0.8781184157954134,0.9016660373883753,0.5833412089454357,0.754725159796124,0.79698248720976,0.8038965434379933,0.7934666226772404,0.8786044016546459,0.50633493681612,0.9358808326129897
"('38_thyroid', 2, 25)",0.9115627260001931,0.889601495437456,0.7470259646328187,0.8719838092275227,0.9346016988062442,0.9419823296371864,0.9572408293460926,0.9364974074304215,0.7292652509451181,0.8971928694447218
"('38_thyroid', 2, 50)",0.9223055002273268,0.8216062914566223,0.887382389738516,0.9212918794607416,0.9980237154150196,0.9674777426184686,0.9959575997125403,0.9959575997125403,0.8519868761051539,0.9447004608294929
"('38_thyroid', 3, 5)",0.8446169354232044,0.7362978637533799,0.31697422670696135,0.23091288494923623,0.6965217391304348,0.7605736741741063,0.6626119905361559,0.926540082089281,0.44120387391288,0.6844761444002779
"('38_thyroid', 3, 10)",0.8869641901235328,0.8815787234038786,0.3929357197632962,0.7547961806499585,0.7221493162255134,0.7519749993044502,0.8066292208813968,0.9155271753427845,0.49510486883352695,0.6243122360000852
"('38_thyroid', 3, 25)",0.8434627938274373,0.8733272592804544,0.7389538286681568,0.8282429589220414,0.8994554599989382,0.9519919693832737,0.951996665080651,0.9614367086827745,0.8399450171914459,0.8862739786598987
"('38_thyroid', 3, 50)",0.8855277748248307,0.8304790945715612,0.9119388691204269,0.902646495958528,0.986231884057971,0.9999999999999998,0.9999999999999998,0.9999999999999998,0.9683699816758287,0.992251368669138
"('2_annthyroid', 1, 5)",0.38082689962418514,0.4544355546170548,0.310629989741023,0.11944178691907627,0.3531580087797912,0.3536102049175354,0.5247449015228041,0.4964112135262357,0.22444953922101107,0.463202200698434
"('2_annthyroid', 1, 10)",0.36634152992143826,0.4588001623223511,0.2637373792427371,0.12056887667262514,0.6044178771029574,0.6515802439482674,0.6719440540912361,0.7490246516884722,0.2700004777121241,0.48768364254446483
"('2_annthyroid', 1, 25)",0.4115789228587401,0.43021803861892743,0.1470196235174487,0.1463408188569649,0.7351458134467812,0.7298398303343355,0.8138326371316889,0.7990757537227501,0.41771448181324355,0.7956353524138741
"('2_annthyroid', 1, 50)",0.4476964314560732,0.45505069128364484,0.36944194799162833,0.4783014870865914,0.8086681467193892,0.7761256817662036,0.8428173228600142,0.8146895399544298,0.7861413634690638,0.8290880402680267
"('2_annthyroid', 2, 5)",0.10070685837391166,0.11299121798175124,0.0905004068784093,0.08773402798296119,0.4019028451244404,0.47997508827787794,0.7172807187683367,0.6923378572481028,0.20587526519623267,0.11164230838156311
"('2_annthyroid', 2, 10)",0.17867242195434352,0.18753084490488658,0.13966885620052258,0.09508699865064012,0.5030930975326424,0.616524784855357,0.6813047683708119,0.6868336633999305,0.3498974289076879,0.36719666618161817
"('2_annthyroid', 2, 25)",0.210268426824039,0.5133857636212582,0.2603559912424571,0.1311550987662528,0.7083219879298445,0.7302206291676313,0.7831830003503718,0.7551032001951866,0.5334961883079832,0.5136059163133878
"('2_annthyroid', 2, 50)",0.4761826215594454,0.5108462658910654,0.06505345059530596,0.39653235050174573,0.8467661107418436,0.8236197696024572,0.8137137748911739,0.8684445554484086,0.6713691092513455,0.7162213039386051
"('2_annthyroid', 3, 5)",0.37613805505550785,0.6181816735855982,0.1791080035772877,0.21907480309223037,0.4874118018395722,0.6329330287022613,0.6617884335212536,0.7294551094834777,0.37982699337695486,0.1589481410398392
"('2_annthyroid', 3, 10)",0.5097396082321907,0.6320975777756507,0.16733333431116695,0.2547580974523654,0.626556513096733,0.6763143643157932,0.6680597107397858,0.8099892710225687,0.39855416157752344,0.4289734194286881
"('2_annthyroid', 3, 25)",0.2222940534140754,0.6595493948735873,0.21952224764327566,0.2738706118447891,0.7967983136659746,0.8810768478144744,0.8586839347980352,0.8849650840825475,0.7180979567444451,0.46488311884076433
"('2_annthyroid', 3, 50)",0.48308784381908954,0.6509088818483142,0.46788633890824877,0.6837776556351204,0.8917278079767889,0.9076484451666905,0.9222222237296558,0.9071480433203775,0.8532190621526275,0.9004042904416665
"('3_backdoor', 1, 5)",0.9999999999999999,0.8377777777777778,0.48394488757699783,0.9331776685195297,0.552858204597335,0.45653958646587744,0.6115396394004275,0.803822625676138,0.7488478404103126,0.9983333333333333
"('3_backdoor', 1, 10)",0.9999999999999999,0.4627083333333334,0.38628589407436853,0.9849416264090176,0.6892123421063637,0.8534249649768473,0.6239166096217579,0.7677511714313194,0.5801915192752529,0.9999999999999999
"('3_backdoor', 1, 25)",0.9999999999999999,0.1000438596491228,0.7101560092868197,0.9967948717948717,0.9180613324090366,0.8863800046087045,0.7914603466432563,0.9880083996463305,0.8951615310020482,0.8840117793090302
"('3_backdoor', 1, 50)",0.9999999999999999,0.7770102904497674,0.9999999999999999,0.9571123321123318,0.9999999999999999,0.974454365079365,0.9094555317059607,0.9967948717948718,0.8975559176558278,0.8854156638588044
"('3_backdoor', 2, 5)",0.8261484918069819,0.08125874125874126,0.5613223806923692,0.6478890489902285,0.32283894676751823,0.2161092790564621,0.28748967581319973,0.5443157249785961,0.2945029428907296,0.7448993683102295
"('3_backdoor', 2, 10)",0.8340367377634763,0.08173998044965787,0.5587815292894716,0.6954542193286368,0.533479020979021,0.452059758154921,0.5901458375722666,0.5491018292812941,0.15754564255275355,0.694596973678246
"('3_backdoor', 2, 25)",0.84153012105768,0.08714787627831105,0.7936994450015679,0.7673062195205524,0.8403227757538102,0.8083093544072696,0.8219100657339717,0.818856111475768,0.6662510429145925,0.7711490410948291
"('3_backdoor', 2, 50)",0.8638683531339695,0.7663506244004736,0.907831578103753,0.9043020927379215,0.8905412642912641,0.9315264600543346,0.8952026106281425,0.9151243499795132,0.8943748596292219,0.9540175271882588
"('3_backdoor', 3, 5)",0.8334327902789137,0.07308607976947945,0.6001768171611713,0.7102294478812565,0.6468170718170718,0.6794708387155398,0.7282327972148572,0.23585948595657202,0.3890376611828491,0.8234024293271492
"('3_backdoor', 3, 10)",0.8333796208427556,0.5759595959595959,0.727916886017289,0.8419047082080718,0.8165376336847628,0.6513624023903326,0.7979252879092671,0.739590525281428,0.7624193966889979,0.8317527420500261
"('3_backdoor', 3, 25)",0.8332905035788294,0.4112626262626263,0.8408716527155176,0.8723255207078736,0.8744823731384996,0.8220881418480009,0.8309206899150253,0.8609920244170584,0.8025578019973924,0.8145152094141518
"('3_backdoor', 3, 50)",0.837308065574971,0.46343089990817266,0.8725868108025429,0.8824158795749705,0.9276672578199296,0.9410984848484847,0.9207906202828191,0.9170145192484626,0.873950144460122,0.9178954439390009
"('41_Waveform', 1, 5)",0.23954557802170104,0.39586591868268944,0.39182735853590217,0.2949292256005269,0.09308207272823003,0.2427032398845081,0.22809979593182902,0.24001474979192117,0.3120678739884418,0.16467567596213173
"('41_Waveform', 1, 10)",0.24639570624083618,0.5061196473596669,0.6222339675069671,0.5428818458225555,0.47260992275698155,0.41385311092942806,0.5255618210478765,0.6074719784753831,0.2767746838686718,0.27169358748113803
"('41_Waveform', 1, 25)",0.32134797167491597,0.5261143483605231,0.7233222434348084,0.6176814501913825,0.5612757778604038,0.6236422023144595,0.6676136151683001,0.6896855432517268,0.5322533013461708,0.4328317598293753
"('41_Waveform', 1, 50)",0.30161888455626695,0.3257251279709138,0.7039757567105548,0.6170593400795154,0.6419825579084837,0.5668420133139886,0.583808667240098,0.6825016619182483,0.612144281143215,0.4902171217465912
"('41_Waveform', 2, 5)",0.13027371450917344,0.04777587077715241,0.01811489833361412,0.1665536302270159,0.04656715801643337,0.09431388583161172,0.08740303666196425,0.10180965597381363,0.12217616091471861,0.07201292482963459
"('41_Waveform', 2, 10)",0.26506600247124285,0.11655000182437195,0.25388473551573787,0.2684129360096621,0.08592025984182847,0.08904976193666864,0.08810478855062355,0.1847466798620791,0.24110103050978265,0.2188471542204549
"('41_Waveform', 2, 25)",0.22640769891569557,0.1464001896979332,0.45675627390050516,0.37216909240860513,0.5343722577457082,0.49302599451768664,0.5284142117170283,0.48196811457915767,0.2840887315413712,0.42630392464787514
"('41_Waveform', 2, 50)",0.22779384542185988,0.414813981785756,0.6739918875063484,0.571992508912999,0.7013272765667566,0.6278334854803465,0.6889300909252397,0.6809977396408586,0.34351681989237226,0.626131953476148
"('41_Waveform', 3, 5)",0.15983698990986278,0.3016308069214069,0.31402301012969297,0.29334898535614434,0.16129679043953038,0.10860147861026698,0.14159856198055143,0.20661152584364634,0.19575950888591462,0.1318360314378535
"('41_Waveform', 3, 10)",0.24006814984723826,0.20476050502164886,0.3285192244150351,0.3308874728801532,0.19355509262169884,0.3123722149457148,0.29165944292380847,0.33408195815612307,0.31254453618509526,0.3175125314732138
"('41_Waveform', 3, 25)",0.2613426883758467,0.17850522362220136,0.514826016707521,0.4922627787755206,0.3152666129710867,0.37406881900835837,0.4149047195005536,0.6259264520535921,0.40354358084484804,0.5104536663872957
"('41_Waveform', 3, 50)",0.29720093199082237,0.3532292602231639,0.704916984413697,0.6096096494971098,0.5327612826981246,0.5962876863972163,0.5036459948445721,0.5725157522963003,0.4672339494034382,0.5205379347063714
"('26_optdigits', 1, 5)",0.7156639616489171,0.5538888888888889,0.6054963134063122,0.8582338243694694,0.8072356848398515,0.377192090982672,0.7881257257176374,0.9493643482510943,0.2714377529116661,0.7901803927375946
"('26_optdigits', 1, 10)",0.7493087411244269,0.09530355097365406,0.6946929668859256,0.7973557850982204,0.9519199972908974,0.8399236296111295,0.8730364796501416,0.9668870359340876,0.5294440542415422,0.8113041738338131
"('26_optdigits', 1, 25)",0.5205964598293162,0.07690821256038648,0.8363192877675657,0.8801695812084119,0.9872580645161289,0.9208676671448663,0.9397697217076508,0.9639399851356372,0.7094216280558358,0.9140837714971671
"('26_optdigits', 1, 50)",0.9752854938271602,0.15620192586787413,0.9999999999999998,0.9983333333333331,0.9999999999999998,0.994047619047619,0.996597222222222,0.9999999999999998,0.9999999999999998,0.9999999999999998
"('26_optdigits', 2, 5)",0.6391173131672571,0.3276923076923077,0.4032973010243233,0.870100614554919,0.5567170142697592,0.08416603389778313,0.5464533764663201,0.6242412366237475,0.15018746379990502,0.7381368637704879
"('26_optdigits', 2, 10)",0.8170826955670111,0.4770940170940171,0.7484828069385943,0.9186806374204083,0.9178943228142313,0.8338773861377402,0.9594634184099067,0.9687128659035352,0.45731020082955615,0.9647802197802196
"('26_optdigits', 2, 25)",0.7086849534529059,0.3280140774258422,0.7704098041979154,0.9129436603831846,0.9382198347917411,0.8926083456813617,0.933397535057513,0.9914009045772971,0.7155276457751552,0.9652185607035104
"('26_optdigits', 2, 50)",0.8774686710529197,0.2760654659741881,1.0,0.9999999999999999,0.9985754985754983,1.0,0.9985754985754984,0.9957734573119187,0.988101223395341,0.9930034686798612
"('26_optdigits', 3, 5)",0.5087710660559441,0.6638461538461539,0.47956391282148425,0.8428373954525326,0.7070023232877483,0.5896123216528444,0.7748785075958471,0.7054330634858483,0.5335604743131159,0.946104371056294
"('26_optdigits', 3, 10)",0.4146665356264131,0.8879487179487179,0.46079322973121345,0.9083360673194265,0.8666942119533055,0.7807776115407201,0.8739204822412706,0.9230363178678443,0.5999644053478927,0.8503472143676468
"('26_optdigits', 3, 25)",0.7801811679031604,0.9216056166056166,0.6521062414346629,0.937066789069641,0.9661901061901061,0.8769231726986095,0.9275798788204688,0.9436293108856826,0.6880690236305111,0.9388020833333333
"('26_optdigits', 3, 50)",0.8589995724831929,0.5628163435480509,0.9957734573119188,0.9527389766348575,0.9889924889924888,0.9795840566632993,0.9442892976588628,0.9632231345433593,0.9436757496498299,0.9544193490956292
"('22_magic.gamma', 1, 5)",0.640540457196018,0.6263820531785403,0.36732449964133806,0.6652493047160415,0.39769203610431,0.574366489068692,0.5929045195270338,0.5544737596816446,0.4667959758327982,0.5329682235634154
"('22_magic.gamma', 1, 10)",0.6319124402221662,0.6940009800531085,0.3716866594531646,0.6624156668323474,0.4217144638828731,0.5444776099851787,0.5652800764971811,0.6164644216941526,0.3607738495998726,0.6021703911880424
"('22_magic.gamma', 1, 25)",0.7319535118254743,0.6475040742573352,0.3608538952016764,0.6998306046536783,0.5390798067523227,0.5900476808209684,0.599104073731788,0.5989399047585349,0.49272988140143076,0.48830211709428445
"('22_magic.gamma', 1, 50)",0.7010024162062162,0.7060469657843529,0.5805460558955631,0.7419031233595909,0.6640184295080088,0.6212577455482151,0.608970454006643,0.693071006700072,0.5501071610350657,0.5756340203984016
"('22_magic.gamma', 2, 5)",0.5223824423453327,0.400524352643469,0.32128290784897273,0.5252234138999425,0.3968601329400504,0.44556781899985837,0.5074004203101161,0.5641207032428016,0.39782286936405054,0.4801218767227856
"('22_magic.gamma', 2, 10)",0.5338406204212367,0.6064632547388598,0.3435398757906947,0.5717291062708854,0.4259798011048099,0.5557667701155278,0.530495416971222,0.5472945668754742,0.40953612868609585,0.3711753743803851
"('22_magic.gamma', 2, 25)",0.6635851018165024,0.6709476773011052,0.5578681327508392,0.6703357352632651,0.5662862576918031,0.6380963181605428,0.5983923385106633,0.6902817818328514,0.46676763399780663,0.550193805536261
"('22_magic.gamma', 2, 50)",0.7080124087749381,0.6294652613490404,0.5840403353321757,0.7025702769771907,0.6374985097687536,0.6523132456536761,0.6455388232421109,0.7116871811633905,0.5837024012930186,0.5156646655292225
"('22_magic.gamma', 3, 5)",0.29213124221241826,0.48731774958903473,0.5125117108266866,0.44330871296602503,0.3764009987773338,0.40378273371878576,0.4319399687695648,0.4247071206773884,0.31902789627235806,0.4135418794005997
"('22_magic.gamma', 3, 10)",0.5192982593795997,0.5586655414059515,0.46980631362361946,0.5706754427697869,0.40258275013518063,0.4898665156936146,0.46288874236099975,0.5263346041545172,0.39268777134742705,0.3859748244883879
"('22_magic.gamma', 3, 25)",0.6170918641471222,0.6342248155642771,0.4776519819363218,0.604803856453042,0.4804497453459351,0.5661880365595926,0.5411530330771934,0.6120424642391966,0.4364675585049589,0.4803916082907925
"('22_magic.gamma', 3, 50)",0.6840597047528633,0.6367851651719355,0.5283457294920542,0.6594615263396405,0.5930674218241927,0.6004666108882647,0.5924208246166428,0.7161265264054049,0.48363769721877237,0.517800163741497
"('32_shuttle', 1, 5)",0.9788328093881653,0.9549462365591397,0.969644605304,0.9590379339271973,0.40559840065058284,0.8862916416494151,0.978890871827468,0.997384481255449,0.2535866508921302,0.985664064417931
"('32_shuttle', 1, 10)",0.9774157332515051,0.9549462365591398,0.9653391576348983,0.9581988162666073,0.6996415770609319,0.8858935541747389,0.9830798117045354,0.9909011530646386,0.6145530714807019,0.9879210822879575
"('32_shuttle', 1, 25)",0.978509724583897,0.9573567197422522,0.9849820788530466,0.9829083461341526,0.9370707893901307,0.9706928168057225,0.9724520107145641,0.9987963408762638,0.9821486002131162,0.9992555831265508
"('32_shuttle', 1, 50)",0.9780594860008798,0.9588859578601816,0.9956404334318847,0.9842260304659498,0.9997439836149513,0.9968217261425025,1.0,1.0,0.977607068512041,0.9983637213651239
"('32_shuttle', 2, 5)",0.9623489594967275,0.9604971531096099,0.8405023839639891,0.9402494918062918,0.40866858237547893,0.6508021494004701,0.8403994830805942,0.9782259030358209,0.9501676056298864,0.9272683267350575
"('32_shuttle', 2, 10)",0.9636484787076068,0.9615520863343897,0.18240779264933318,0.9630902203812616,0.5916977062289562,0.7759408936504589,0.9443706979731653,0.9979349178022929,0.9717126016127424,0.949492197409494
"('32_shuttle', 2, 25)",0.972590297665843,0.9595116179980308,0.9360403660405777,0.9672891474380684,0.9519772303494247,0.9548503083661946,0.9757446955050217,0.9917909434728412,0.9136902762850337,0.9822737982890161
"('32_shuttle', 2, 50)",0.9723131572197214,0.9323689477203064,0.7990939681542641,0.9653939133574516,0.9819177827380953,0.9788723894074178,0.9749001573812672,0.9936070645363408,0.8680373648567747,0.9365449946866192
"('32_shuttle', 3, 5)",0.7230467375325512,0.5452878414432772,0.14811230195049738,0.7158136136155283,0.3820755933952529,0.6012956906598509,0.4986188244664081,0.9621573072222839,0.2043346837981842,0.7215548338102971
"('32_shuttle', 3, 10)",0.759948744977937,0.6699221088254714,0.16516812929619593,0.6924846998809727,0.5344164332399627,0.8793493597289739,0.6834540136421532,0.9808420206798154,0.6090308261236416,0.9155901873462895
"('32_shuttle', 3, 25)",0.9243730404016967,0.9773973419090537,0.9148799228986577,0.9304544254488495,0.6995774170984603,0.9811429719058822,0.905888404702154,0.9922144930512162,0.9575805642154124,0.9340415756448348
"('32_shuttle', 3, 50)",0.924807214552266,0.9999999999999999,0.9006010813088527,0.9432265965330974,0.9993606138107417,0.9986722773581382,0.9975435451434955,0.9999999999999998,0.9848478246517461,0.9501321561646889
"('35_SpamBase', 1, 5)",0.4846424964047012,0.5194219298816918,0.5904722025939818,0.4639358487827584,0.4763702074550019,0.534154647266369,0.5129940563816486,0.6526753084039401,0.5941362876753628,0.5907764023210322
"('35_SpamBase', 1, 10)",0.6390385330978923,0.683879671884809,0.6303002456601137,0.5785432910918553,0.5606972041227751,0.6363947434473161,0.6262022840960613,0.8635486229954255,0.6096810190849347,0.7242627094550436
"('35_SpamBase', 1, 25)",0.7387510834822504,0.6612514771514378,0.34916590659237345,0.6382301707129009,0.6453805253410809,0.774895419955865,0.6863559538567969,0.9038198688684548,0.7105714869455111,0.7602226883671174
"('35_SpamBase', 1, 50)",0.8172475724026629,0.6806228987000403,0.3456510167449548,0.7379471745485656,0.7262303762790882,0.7810982590734774,0.7383460168285785,0.9302034227183325,0.6648951623452974,0.78133472692158
"('35_SpamBase', 2, 5)",0.5550969131606931,0.607137639877189,0.5851454342552358,0.5413706377678411,0.5071218751714522,0.705097669656872,0.7150918344126229,0.7913260988927792,0.5994833737147252,0.7182648390545474
"('35_SpamBase', 2, 10)",0.6249081324877789,0.6764460242506725,0.5909341528850984,0.4090349873966437,0.5718764886811964,0.7327647070863957,0.7581866940905646,0.8661677358103401,0.5331462800150376,0.7208372011104457
"('35_SpamBase', 2, 25)",0.6622443502665967,0.7007698423577711,0.4159453086009638,0.5024855003206539,0.6045018441119596,0.7164313300065135,0.6715066494711509,0.8338104415726428,0.4257088886680493,0.8028309546021254
"('35_SpamBase', 2, 50)",0.6735751454346096,0.722492795665652,0.34738635503669185,0.580286144567814,0.6843721739409355,0.7934375256129349,0.7344394824242835,0.8623907404086175,0.7236930539749061,0.8446325903813011
"('35_SpamBase', 3, 5)",0.5544213810664078,0.6284750905543802,0.5302912570939348,0.5588046577515849,0.45654252017380514,0.6122163539205214,0.5681189352771645,0.7407398771035854,0.5270501474051119,0.6490781782746883
"('35_SpamBase', 3, 10)",0.6548512846239551,0.6958872358795924,0.42644103842762116,0.49143372467820434,0.5099917357729888,0.6672358170775279,0.6450142582791855,0.8271117576389783,0.5800628407078896,0.7027019335232303
"('35_SpamBase', 3, 25)",0.7206195180042616,0.75091294904634,0.40202860614871366,0.42830438258427816,0.6460257253590793,0.7886109989762933,0.7343955367999753,0.8958572153224885,0.7506573606178815,0.8096139298004071
"('35_SpamBase', 3, 50)",0.7490781620352345,0.736313946327667,0.5350011121358431,0.5467038836335895,0.7394044064255139,0.8319326080268695,0.8015008731215321,0.9237845025379047,0.5814107397080133,0.8117719945191272
"('27_PageBlocks', 1, 5)",0.5759407473487326,0.6398504335734129,0.09574162961093456,0.40970970780830807,0.369405332152585,0.5910962750195022,0.632282049203675,0.7865139901246524,0.5050684191716726,0.5158345444468164
"('27_PageBlocks', 1, 10)",0.5224386146179005,0.6429455860666663,0.365915165123672,0.40735845119223996,0.4917448228712816,0.654749064118568,0.7566902182686439,0.7673636733582947,0.1864762741353952,0.6081162819053442
"('27_PageBlocks', 1, 25)",0.496897473306213,0.5738410534840728,0.4348606685461455,0.2670604248526003,0.6676850341982815,0.8397481793284657,0.7963763823010421,0.8313760066043585,0.44984392458502287,0.7268441545228067
"('27_PageBlocks', 1, 50)",0.6326128374240197,0.5872213225102805,0.4894295971126843,0.4055755318040212,0.7153804428584287,0.7883406241985368,0.7476103429524428,0.8392179127465427,0.6500438609111102,0.7087001944205823
"('27_PageBlocks', 2, 5)",0.18991798778814206,0.31101172339178274,0.09129765604440143,0.28636267662577153,0.2850349541526012,0.5197443971801823,0.5114380682032014,0.6892509362205841,0.19236606102550932,0.29162994224654415
"('27_PageBlocks', 2, 10)",0.38336900330331514,0.3772721411591901,0.07904655903863683,0.32270792811751037,0.4442317179199997,0.5129023217007154,0.500040084405979,0.6715525536301302,0.27535815243220524,0.5502877118803114
"('27_PageBlocks', 2, 25)",0.5303433423860312,0.5423059106114347,0.09433438871791466,0.4567612751725813,0.6386354535161083,0.7197906981267467,0.7172133353495549,0.7544702181040331,0.5889195983681442,0.6387527587227627
"('27_PageBlocks', 2, 50)",0.5282211210356234,0.607979340744648,0.17367901638732233,0.23482282913378805,0.7276321294296665,0.794917724708256,0.7595456157682718,0.7551680634295487,0.4719543584448406,0.6788588104090318
"('27_PageBlocks', 3, 5)",0.31987746204614764,0.5557566068269089,0.2141055405415958,0.3757164607569249,0.26536933916140215,0.49136764076400435,0.5153028442826338,0.7641704050467357,0.3669717891356615,0.4710831051293998
"('27_PageBlocks', 3, 10)",0.46228966755319745,0.6674760212722897,0.6644462208408638,0.4013153214775916,0.4160929136078932,0.5665870847262131,0.610587190672233,0.670607558146376,0.7102622714564086,0.5632802573754921
"('27_PageBlocks', 3, 25)",0.49762213011977247,0.7454596706628633,0.14857812589531538,0.42856207048129835,0.6651548474800475,0.7461857504196645,0.7330254927727815,0.7463761534218912,0.49184727884118096,0.6626570014508841
"('27_PageBlocks', 3, 50)",0.5395626415668672,0.5105504045233881,0.09287346382212983,0.6480890365532892,0.7451706791625513,0.7797553139576928,0.808590983831917,0.8064525731790569,0.5314993786389636,0.5556043256755542
"('25_musk', 1, 5)",0.6717320209438224,0.4660536398467433,0.12670940087832788,0.7835510404504302,0.6759088038398383,0.9305140386463115,0.9999999999999999,0.9999999999999999,0.5891547559777813,0.7685027690193551
"('25_musk', 1, 10)",0.7224316475024641,0.8331417624521072,0.5876029171111912,0.9436966820718053,0.8947765006385695,0.9780220267779499,1.0,0.9999999999999999,0.7014080213000492,0.8369515917051832
"('25_musk', 1, 25)",0.9380717303131094,0.8998850574712643,0.8771486889798253,0.9999999999999998,1.0,0.9999999999999999,1.0,0.9999999999999999,0.6692970403424542,0.9655375015195105
"('25_musk', 1, 50)",0.9836206896551722,0.9332567049808429,0.9999999999999998,1.0,1.0,0.9999999999999999,0.9999999999999999,1.0,0.8994777996553669,0.9999999999999998
"('25_musk', 2, 5)",0.2682727834287187,1.0,0.45171933674803977,0.9308579886604111,0.5763585434173669,0.8135824312245667,0.9999999999999999,0.9987684729064039,0.23292615573938244,0.9924219687875149
"('25_musk', 2, 10)",0.7557023573305288,1.0,0.04978128059040831,1.0,0.8961904761904762,0.9344356343682244,1.0,1.0,0.5412046656767271,0.9526987718164188
"('25_musk', 2, 25)",0.9214253633029709,1.0,0.8211639388269375,1.0,0.9987684729064039,0.9999999999999999,0.9999999999999999,1.0,0.6330976635640505,0.9823841698841699
"('25_musk', 2, 50)",0.9987684729064039,1.0,1.0,1.0,0.9999999999999999,1.0,1.0,1.0,1.0,0.9974929627023222
"('25_musk', 3, 5)",0.8984384916548287,0.5995402298850574,0.4070520958586895,0.9635477207149402,0.699655172413793,0.9130878304738148,0.9283219620136456,0.9999999999999998,0.36176999690424394,0.6676076815816896
"('25_musk', 3, 10)",0.8203264278524115,0.8331417624521072,0.6924102636446807,0.9999999999999998,0.9999999999999999,1.0,1.0,0.9999999999999998,0.4814074240531272,0.9544958943619617
"('25_musk', 3, 25)",0.8617995318236996,0.9666283524904214,0.8220204951397406,0.9988505747126435,0.9999999999999998,0.9999999999999998,0.9999999999999998,0.9999999999999998,0.871631386701822,0.9942449282271304
"('25_musk', 3, 50)",0.9775894072668099,0.9666283524904214,0.9999999999999998,1.0,1.0,0.9999999999999999,1.0,0.9999999999999998,0.9999999999999999,0.9999999999999998
"('33_skin', 1, 5)",0.6313213166893089,0.8803813453223619,0.853141245146394,0.5462207921255174,0.2669986409957305,0.4230375422573498,0.6941937829307389,0.7672688374172074,0.667579076171024,0.7155968122787949
"('33_skin', 1, 10)",0.6277440423442561,0.8689033637622489,0.8268801944596045,0.6266643022956608,0.3695075116026498,0.4838213508893237,0.7784231820523553,0.7888387512633186,0.7815097872816051,0.7816765431673454
"('33_skin', 1, 25)",0.6550804669593226,0.9414410409619633,0.9307899861817149,0.8660838189234782,0.6072532800071524,0.8042361247291333,0.8232113941203569,0.9499806141132436,0.9533088566654024,0.9279981437844979
"('33_skin', 1, 50)",0.653971940328266,0.9434324411020656,0.9213063115423291,0.9605631425317143,0.8145111857186842,0.9306161578843442,0.929149092925088,0.9590634676743611,0.9866253941825791,0.908842827324258
"('33_skin', 2, 5)",0.6466250741439672,0.8335164200270255,0.9234252028170906,0.6767331294019707,0.2687369840127193,0.4508755931689281,0.5234120843087503,0.7884243933433173,0.6753997808151975,0.7304687748703795
"('33_skin', 2, 10)",0.6781831414374785,0.8426620569298922,0.9782901873833081,0.8572192176435774,0.3906644042059696,0.5723462311804401,0.6340027983322396,0.9131984047216,0.8463724866882683,0.9521417251581487
"('33_skin', 2, 25)",0.6696101836161668,0.8337688730828576,0.9842524595654956,0.9354263086707396,0.5763051014499717,0.8649242809335596,0.8356848410229334,0.9732087850159078,0.9647726984299976,0.9508958211302179
"('33_skin', 2, 50)",0.6535756860725301,0.8145307265857036,0.963266471976194,0.9492437366242927,0.7674716208470778,0.9246895190937104,0.9275551482678245,0.9828335936871572,0.9815027337110348,0.8866239006063367
"('33_skin', 3, 5)",0.629315470857137,0.7878827402279408,0.8505823918229916,0.7347899917500192,0.2887598886535056,0.34293634202209666,0.35934881421841625,0.7633565805319774,0.8468671172869742,0.8170179990551101
"('33_skin', 3, 10)",0.7260406992374351,0.843319511520456,0.9736877994458009,0.8494810209607522,0.34744899953959757,0.6792958777523308,0.6539164668736832,0.9559895034286712,0.8295019833554521,0.836791914541026
"('33_skin', 3, 25)",0.7269100292390485,0.8264696900668792,0.9819601080657925,0.9683611620723244,0.6942340553708616,0.8962606570929923,0.8726241678409484,0.9937787233746106,0.9376605417093736,0.9356203251083051
"('33_skin', 3, 50)",0.7164005747528821,0.840613531534342,0.9204194509858183,0.9726913121069909,0.7547012053035822,0.9311476416632202,0.9217673544531142,0.9864138493370257,0.9682116923427517,0.9501505252348474
"('19_landsat', 1, 5)",0.32713894217060385,0.44601694464020486,0.1516278090045753,0.5316753272407715,0.29643767423337314,0.3099864388864161,0.3560433225807361,0.49898071026390706,0.2898540288831443,0.3156696857565125
"('19_landsat', 1, 10)",0.2983593677893197,0.46969267380900415,0.32246209596705133,0.44571555183695144,0.30627127367052387,0.33970641411512226,0.3028265709551546,0.4537390796823233,0.2739429751720175,0.17575326264513375
"('19_landsat', 1, 25)",0.35228901710193533,0.30479990368537213,0.3903422544584003,0.6155613316331023,0.466999563261431,0.5119128980397594,0.4439272390846789,0.638052269488805,0.4562705769330326,0.49442737285803934
"('19_landsat', 1, 50)",0.3803004815047527,0.28638460587482645,0.44131374215133895,0.6273724824827505,0.5925417319723842,0.5862271839473399,0.5561564455706544,0.6975946089555937,0.32079476204415835,0.6373066816538882
"('19_landsat', 2, 5)",0.24925669286708962,0.24580281258135148,0.25134612709028886,0.2853025591208905,0.25250629791983176,0.2402550011815238,0.2523942841654184,0.27539239320076014,0.24264457201327694,0.3373300441964179
"('19_landsat', 2, 10)",0.3626694527628852,0.3237346047222694,0.3831526453298214,0.4742876108338906,0.37293874499137664,0.4087862591509362,0.4130967036958577,0.4822663519592969,0.2877227874941426,0.48587217429288027
"('19_landsat', 2, 25)",0.389523445191622,0.27088520395091414,0.47179945271292034,0.5525538788062468,0.5128262550191423,0.5531122249964616,0.5291755464958128,0.5710695420490428,0.46399860131457277,0.5466149064904342
"('19_landsat', 2, 50)",0.4358983231933312,0.2765618361646054,0.4904687159868537,0.6377514645967101,0.625019007687424,0.5991327989033695,0.6335992686140358,0.6628375666707276,0.38938863531699935,0.6806119342889427
"('19_landsat', 3, 5)",0.37042856431476034,0.33367720171588133,0.1736249955728143,0.39260895423928166,0.2868776432945027,0.3523183112616666,0.33834000959450206,0.4980371949104628,0.3148325152809657,0.36179784497676326
"('19_landsat', 3, 10)",0.37992820561707896,0.3443313530603103,0.4007846565647828,0.45031780759373374,0.38996827987089144,0.3870014486501683,0.34641841350284414,0.4590319689673714,0.3288408030372939,0.4815199173513607
"('19_landsat', 3, 25)",0.3915975926624551,0.31756945668607156,0.49092066259846306,0.5615177063188997,0.4829112547651598,0.4852303984855747,0.42890970139528656,0.6211072919495856,0.442742167407704,0.5104468187209698
"('19_landsat', 3, 50)",0.3669625679749912,0.30406997106958267,0.4721829929259006,0.624907999814254,0.5454022105494084,0.581628794943071,0.5443909962496002,0.6819413190441646,0.4671504311290389,0.5849688839610727
"('5_campaign', 1, 5)",0.23089895707758823,0.11161873330190161,0.09171877411756513,0.1497731461988061,0.16313332824963508,0.24522350479188498,0.2645130045128273,0.3988609539786973,0.19535330542016893,0.16469025214396643
"('5_campaign', 1, 10)",0.26782440079733255,0.1156774111915984,0.20892226954737064,0.19960838328042235,0.277420811046622,0.34526593898614627,0.35164512285578764,0.49406671966070725,0.27631614969138796,0.1449294770361731
"('5_campaign', 1, 25)",0.31366093058513844,0.12200526302630263,0.23396157712718485,0.23972879955219129,0.3215952845356241,0.44702842726650793,0.3678023856670483,0.43760707307032637,0.17854851906883157,0.34623271420582935
"('5_campaign', 1, 50)",0.3442085379123533,0.26476813855828796,0.24954808392064676,0.29710513928892246,0.38021428198811374,0.4930496876219574,0.4594355322031816,0.481293220828236,0.1865783302640952,0.36366907290569156
"('5_campaign', 2, 5)",0.13678199377248695,0.11520499108734401,0.14086471943204087,0.12850247023481287,0.1630728426636355,0.24464381322219975,0.2593152346686562,0.3172685168102506,0.13603846834978975,0.1607128479807975
"('5_campaign', 2, 10)",0.2344753364396046,0.10970885323826499,0.21707868976461944,0.1763317228099474,0.2628748527587537,0.3562207053672371,0.3618800920162114,0.35040150128483455,0.15938344590067005,0.19465793983115087
"('5_campaign', 2, 25)",0.3652873166735078,0.12306868102432231,0.285368965356534,0.26318552894858516,0.3528036008117488,0.3703988545408243,0.41894300555284986,0.43707836567942293,0.20236061433668684,0.36344842077163914
"('5_campaign', 2, 50)",0.40791205586427054,0.35708820517825135,0.30767988453852035,0.327119277815653,0.4676884471862115,0.447418866508092,0.4834149951203267,0.4956674315026037,0.20556834561528892,0.40105482282063354
"('5_campaign', 3, 5)",0.32371029622007047,0.11420634920634919,0.2015133512909174,0.23528027107958982,0.24031605781605778,0.2567769234471415,0.3728861133986942,0.46560996441147,0.1446863093168042,0.1849337515560674
"('5_campaign', 3, 10)",0.2808839766069224,0.1175042735042735,0.19936283140227484,0.20246838547467122,0.2968582042867494,0.3112796335036858,0.2960502502439737,0.40949764747043754,0.16850282340950418,0.21309078633009643
"('5_campaign', 3, 25)",0.30499876230098305,0.11755799755799756,0.21165772291679258,0.17791301942373644,0.39680519238678674,0.40972195877835044,0.3784801350505994,0.404810437278938,0.15255673989006324,0.20177023392820598
"('5_campaign', 3, 50)",0.3855434276790933,0.23971677510638673,0.28035673988524745,0.24954248838183216,0.42979620727858026,0.414808997176313,0.407973743001757,0.5061754719826655,0.15546216970468169,0.270743245194081
"('30_satellite', 1, 5)",0.46251977904183356,0.7601180477265601,0.39921659306154406,0.37368156419343385,0.41532135076252713,0.5466497835483113,0.5298299518079431,0.5545674711430807,0.40547197674887064,0.2978552191722626
"('30_satellite', 1, 10)",0.5747363986902883,0.7626907688873,0.4695889329566766,0.6655010671572763,0.4709525646790673,0.5807250000476593,0.5603827338219718,0.6311800201540485,0.3551058952152657,0.53259022386408
"('30_satellite', 1, 25)",0.6660388032606024,0.7626586744204131,0.47391975217351645,0.5577693803650866,0.6138916418006752,0.6871349226836964,0.6432653513174683,0.734200305667219,0.34682024126219446,0.7998600169690385
"('30_satellite', 1, 50)",0.6734991821103765,0.7695879432593689,0.48885375247805907,0.5474919992579731,0.7153995121567136,0.7063526166013403,0.725110125693648,0.8073032419766162,0.5653453172201988,0.704052463070231
"('30_satellite', 2, 5)",0.3590216047673421,0.3866882681474728,0.34255235702194187,0.3883862249684801,0.38961537180445605,0.5087300976355331,0.5366334446503631,0.551036633853281,0.33071394720361647,0.35670962010755103
"('30_satellite', 2, 10)",0.43720325057158654,0.38857583623504455,0.458502636286536,0.3685294141796617,0.4684948392314985,0.5683794807124276,0.6910473157905851,0.657174654494444,0.34364157098678616,0.570510227457369
"('30_satellite', 2, 25)",0.5538853467180257,0.7688288248433248,0.5942827501231321,0.5560198368712501,0.6696567535019793,0.6943003769699406,0.7640511923059186,0.7727830735771554,0.45565131814006676,0.7085959851120361
"('30_satellite', 2, 50)",0.6527559126910268,0.7680988596384978,0.2773267727717752,0.5713108550102373,0.7529625322619615,0.7256954262534847,0.7264980105378472,0.8060974866333716,0.5681490475448412,0.7796239112365712
"('30_satellite', 3, 5)",0.3368659456109483,0.39589488625960156,0.3811746706539075,0.3932238624854395,0.41853014731846794,0.5088301038365477,0.6060231650313876,0.6157496621115407,0.3870529285339833,0.5458979521714573
"('30_satellite', 3, 10)",0.33633003868970934,0.3331745435285547,0.35516306149818494,0.3767462645931629,0.4299373651144549,0.4571942478104009,0.45156275206818386,0.5718690957738428,0.4048725816808019,0.5370008016054568
"('30_satellite', 3, 25)",0.4482740324480898,0.3235487667886181,0.5059297116057373,0.41877222664182623,0.5295497106419994,0.6049795440026192,0.6146896482084196,0.6187259141510697,0.46067338897182214,0.4868603808763494
"('30_satellite', 3, 50)",0.6048729912076408,0.7443999115884004,0.6030905160945779,0.5689622994729484,0.7019846663983124,0.702293790243729,0.7150720069989499,0.7661304726952729,0.46967315112655944,0.7278429805105369
