,GANomaly,REPEN,DeepSAD,DevNet,PReNet,FEAWAD,XGBOD
"('40_vowels', 1, 5)",0.49225908372827804,0.9646129541864139,0.9347551342812006,0.9827804107424961,0.9900473933649289,0.9293838862559242,0.9703791469194313
"('40_vowels', 1, 10)",0.4788309636650868,0.9883096366508689,0.9655608214849921,0.9954186413902053,0.9935229067930489,0.9737756714060031,0.9740916271721959
"('40_vowels', 1, 20)",0.46808846761453393,0.968562401263823,0.984044233807267,0.9946287519747236,0.9984202211690364,0.9721958925750395,0.9802527646129542
"('40_vowels', 2, 5)",0.7466034755134281,0.9406003159557662,0.8464454976303317,0.9993680884676145,1.0,0.8744075829383886,0.9770932069510269
"('40_vowels', 2, 10)",0.7428120063191153,0.9148499210110584,0.8957345971563981,0.9966824644549763,0.9916271721958926,0.9789889415481833,0.9845181674565562
"('40_vowels', 2, 20)",0.7505529225908373,0.9415481832543444,0.9436018957345971,0.9982622432859399,0.998736176935229,0.9889415481832544,0.9909952606635071
"('40_vowels', 3, 5)",0.4432859399684044,0.9044233807266981,0.724170616113744,0.9690363349131121,0.939178515007899,0.5848341232227489,0.911216429699842
"('40_vowels', 3, 10)",0.44691943127962086,0.9303317535545024,0.8473933649289099,0.9958925750394945,0.9946287519747234,0.9440758293838863,0.9387045813586098
"('40_vowels', 3, 20)",0.4322274881516588,0.9589257503949448,0.8679304897314377,0.9977883096366509,0.9984202211690364,0.9973143759873618,0.9609794628751975
"('47_yeast', 1, 5)",0.4085436806301468,0.3831453634085213,0.49814267812388113,0.658342284282134,0.6501969208736126,0.5327604726100967,0.6014590046544933
"('47_yeast', 1, 10)",0.42362602935911203,0.3900823487289653,0.5175886143931256,0.662079305406373,0.6599758324382384,0.6144602577873255,0.5611126029359113
"('47_yeast', 1, 20)",0.5430652524167562,0.4330021482277121,0.5465225563909775,0.6904761904761905,0.6754385964912283,0.6581408879341211,0.5909863945578231
"('47_yeast', 2, 5)",0.4211645184389545,0.3605665950590763,0.5565028643036162,0.5484022556390977,0.576172574292875,0.45956408879341215,0.4865176333691371
"('47_yeast', 2, 10)",0.4616228070175439,0.3458422842821339,0.6130728607232367,0.6419172932330827,0.5965583601861797,0.5388471177944862,0.5571741854636592
"('47_yeast', 2, 20)",0.43118958109559613,0.45126208378088073,0.6539339419978519,0.6867615467239527,0.6685911206587898,0.6102533118510562,0.6154896168993914
"('47_yeast', 3, 5)",0.442624418188328,0.38652434658073753,0.4868197278911565,0.527859828141783,0.5213256355173649,0.5166263873970641,0.5871598639455782
"('47_yeast', 3, 10)",0.44423558897243104,0.41207930540637316,0.4948532044396706,0.576015932688865,0.565610454708199,0.5018573218761189,0.5741474221267455
"('47_yeast', 3, 20)",0.4286833154314358,0.4578410311493018,0.521594163981382,0.5891962047977085,0.6181525241675618,0.5704887218045113,0.5306569996419621
"('20_letter', 1, 5)",0.44662962962962965,0.6854814814814815,0.7980740740740742,0.7907407407407407,0.837925925925926,0.7876296296296297,0.9070370370370371
"('20_letter', 1, 10)",0.44685185185185183,0.730962962962963,0.8065185185185185,0.7867407407407407,0.8368888888888889,0.7605185185185185,0.9000000000000001
"('20_letter', 1, 20)",0.4474814814814815,0.7691851851851852,0.8488148148148148,0.8739999999999999,0.8687407407407407,0.922074074074074,0.9202962962962963
"('20_letter', 2, 5)",0.4202592592592593,0.5806666666666667,0.6874814814814815,0.538962962962963,0.6874074074074075,0.5551111111111111,0.8240740740740741
"('20_letter', 2, 10)",0.420962962962963,0.6642222222222222,0.7042222222222222,0.7621481481481481,0.7873333333333333,0.7625925925925926,0.866074074074074
"('20_letter', 2, 20)",0.42248148148148146,0.6666666666666666,0.7271851851851852,0.8700740740740741,0.8661481481481482,0.8396296296296297,0.8935555555555555
"('20_letter', 3, 5)",0.4945555555555556,0.6013333333333334,0.7527407407407408,0.5928148148148148,0.6476296296296297,0.7354074074074074,0.8334444444444445
"('20_letter', 3, 10)",0.4912962962962963,0.6266666666666666,0.7556296296296297,0.5845185185185185,0.7257777777777777,0.7751111111111112,0.8780370370370372
"('20_letter', 3, 20)",0.49211111111111117,0.5725925925925925,0.786148148148148,0.7621481481481482,0.8004444444444444,0.8622962962962962,0.8886666666666667
"('6_cardio', 1, 5)",0.8916138339470787,0.9798413120230818,0.8150411905394633,0.8994343419004595,0.8378193690444554,0.8405907140958961,0.9698189134808853
"('6_cardio', 1, 10)",0.8927907065031699,0.9940017463270187,0.8643179833719297,0.9241866292092176,0.8824645989142402,0.8452982043202611,0.9846247295091304
"('6_cardio', 1, 20)",0.8937018336433696,0.9782468395277325,0.8927527428723284,0.9069511408071068,0.8816673626665655,0.9448008807562357,0.9812839299950646
"('6_cardio', 2, 5)",0.8932842337041115,0.9646178960555787,0.8288599521658252,0.7169811320754718,0.6697543753084545,0.8385406780304469,0.9475912076230971
"('6_cardio', 2, 10)",0.89301848828822,0.9576325879807145,0.8941953608443112,0.8732394366197183,0.8749478000075928,0.8975741239892184,0.9639725143312707
"('6_cardio', 2, 20)",0.8937397972742114,0.9763866216164914,0.9309821191298735,0.9208837933259937,0.9326525188869064,0.9214912114194602,0.9830302570137809
"('6_cardio', 3, 5)",0.9135947762043961,0.9720967313313845,0.7744580691697354,0.8599521658251396,0.7977677385065108,0.6474697240044038,0.8483163129721726
"('6_cardio', 3, 10)",0.913404958050188,0.9771838578641662,0.871189400554269,0.9560381154853651,0.9714133859762347,0.9372840818495882,0.963592878022854
"('6_cardio', 3, 20)",0.9138225579894461,0.9840173114156638,0.8998519418397175,0.9603659694013136,0.9678068410462777,0.8990167419612011,0.962833605406021
"('12_fault', 1, 5)",0.40440736987084536,0.7167433278760946,0.6830903562797224,0.5397338946493074,0.5232972116109249,0.5423065928640107,0.4917751617681453
"('12_fault', 1, 10)",0.40573269925417743,0.6499831085470751,0.6897819703230165,0.6290896806216054,0.601608586055456,0.5389153088537201,0.5910384345521167
"('12_fault', 1, 20)",0.40028845404225466,0.6743587744601232,0.6914711156154986,0.6457212650398898,0.6217094150359918,0.6550895247005015,0.6907045035212183
"('12_fault', 2, 5)",0.5702814375925782,0.5403185987890128,0.6012577635716327,0.4655414360333672,0.47251890543385044,0.5524934383202099,0.5231412905070034
"('12_fault', 2, 10)",0.5660975546373536,0.6351835970998675,0.607637535407084,0.5376809334476755,0.5402926119383592,0.5226995140458928,0.633669863049297
"('12_fault', 2, 20)",0.5703723915698657,0.6513863984823679,0.6359632026194746,0.6135885242067514,0.5877446012317767,0.5649021595072893,0.6855071333905044
"('12_fault', 3, 5)",0.4935162807619345,0.7280995816117044,0.6727216028689483,0.5744913073984563,0.5756217354018867,0.6026610535069256,0.5891803747303864
"('12_fault', 3, 10)",0.4926717081156935,0.701580000519737,0.6826615732439385,0.6226449416595202,0.5851848964424002,0.6402900132532938,0.6575842623632442
"('12_fault', 3, 20)",0.5060289493516281,0.7058418440269224,0.6999818092045426,0.6204230659286402,0.6278942854915412,0.631103661547257,0.6611834411787635
"('17_InternetAds', 1, 5)",0.6364015151515151,0.888598484848485,0.6551136363636363,0.655189393939394,0.5830871212121213,0.6792234848484848,0.6842234848484849
"('17_InternetAds', 1, 10)",0.6367045454545456,0.8553977272727273,0.6729924242424243,0.5900568181818181,0.6004166666666667,0.6070265151515152,0.6409090909090908
"('17_InternetAds', 1, 20)",0.6378598484848484,0.8461553030303032,0.7038636363636362,0.6970075757575758,0.7084564393939392,0.6070265151515152,0.7444223484848485
"('17_InternetAds', 2, 5)",0.7005871212121212,0.8713257575757577,0.7271401515151517,0.587840909090909,0.5490340909090909,0.6731628787878788,0.7202935606060606
"('17_InternetAds', 2, 10)",0.7010227272727273,0.8936174242424242,0.7471590909090909,0.6411931818181819,0.6004166666666666,0.7767992424242425,0.8071685606060606
"('17_InternetAds', 2, 20)",0.7019886363636364,0.8966287878787879,0.7730113636363636,0.6778219696969698,0.643844696969697,0.7767992424242425,0.8362689393939394
"('17_InternetAds', 3, 5)",0.699280303030303,0.704782196969697,0.7249621212121212,0.5103219696969696,0.5501136363636364,0.5162121212121211,0.7306534090909091
"('17_InternetAds', 3, 10)",0.6995833333333332,0.9264393939393939,0.7490719696969697,0.6093371212121212,0.607935606060606,0.7331439393939393,0.7952272727272728
"('17_InternetAds', 3, 20)",0.699810606060606,0.9505871212121212,0.7529356060606062,0.6323106060606061,0.6378977272727273,0.7144128787878788,0.7969034090909093
"('7_Cardiotocography', 1, 5)",0.5162265512265511,0.8718759018759019,0.3838961038961039,0.755064935064935,0.8024819624819625,0.7877777777777778,0.8206421356421356
"('7_Cardiotocography', 1, 10)",0.5197619047619046,0.8371139971139971,0.4031746031746032,0.7137229437229438,0.8216305916305915,0.8138816738816739,0.8678210678210678
"('7_Cardiotocography', 1, 20)",0.5126334776334776,0.7896681096681097,0.41946608946608943,0.8345743145743145,0.8435353535353535,0.8730158730158731,0.8564502164502165
"('7_Cardiotocography', 2, 5)",0.5116378066378068,0.8306421356421357,0.41002164502164506,0.731075036075036,0.8514430014430013,0.7722438672438672,0.7739393939393939
"('7_Cardiotocography', 2, 10)",0.5126046176046177,0.7878427128427129,0.4713636363636363,0.8415223665223664,0.8586580086580087,0.8289538239538239,0.8255266955266956
"('7_Cardiotocography', 2, 20)",0.5126046176046177,0.8233116883116882,0.5515079365079365,0.8511471861471861,0.8451515151515151,0.8471645021645021,0.8213275613275614
"('7_Cardiotocography', 3, 5)",0.498989898989899,0.6516161616161616,0.3667099567099567,0.6806493506493507,0.6805050505050505,0.6538961038961039,0.7394155844155844
"('7_Cardiotocography', 3, 10)",0.498989898989899,0.8184704184704185,0.37650793650793646,0.7195959595959596,0.7290764790764791,0.7376190476190476,0.8354689754689755
"('7_Cardiotocography', 3, 20)",0.5,0.7769408369408369,0.4075324675324675,0.8412265512265512,0.8285137085137085,0.743001443001443,0.8287373737373738
"('23_mammography', 1, 5)",0.8210227272727273,0.8474431818181818,0.7826704545454546,0.8241477272727273,0.8008522727272728,0.8475568181818182,0.8085227272727272
"('23_mammography', 1, 10)",0.8229545454545454,0.8640340909090909,0.7908522727272727,0.871534090909091,0.8480113636363635,0.8006818181818182,0.8585795454545455
"('23_mammography', 1, 20)",0.8217613636363638,0.8589772727272729,0.8203977272727273,0.8941477272727272,0.8797159090909091,0.8875568181818182,0.8699999999999999
"('23_mammography', 2, 5)",0.8277804864835581,0.898044314426567,0.8908933311663687,0.8767538869927949,0.8849341784495368,0.8887805406576738,0.9005363237445149
"('23_mammography', 2, 10)",0.8240424725066362,0.9073080881954602,0.9014031095942358,0.9050327753399425,0.9057912129584484,0.9525976488433826,0.9227747982014194
"('23_mammography', 2, 20)",0.8277804864835581,0.8885638441952435,0.8982068367733895,0.9065496505769542,0.850587789154342,0.8376401755241345,0.8725283059754049
"('23_mammography', 3, 5)",0.9224768405655778,0.9554147028549759,0.932607400184192,0.9548729616989002,0.961482203803023,0.9643534319302237,0.9531935641150657
"('23_mammography', 3, 10)",0.9252938945771709,0.9606154179533019,0.9454466655831844,0.9628907308088195,0.9691749282192967,0.9640283872365784,0.9681456200227532
"('23_mammography', 3, 20)",0.9272441627390433,0.9528143453058129,0.9481011972479549,0.9584484533289994,0.9235603228777289,0.8685194214204452,0.9799014031095943
"('38_thyroid', 1, 5)",0.9827086353282254,0.989438807206461,0.9684717332781114,0.9732346241457859,0.9866431973493477,0.9104887140194656,0.974684199627252
"('38_thyroid', 1, 10)",0.9790846966245599,0.9908883826879271,0.9857113273969765,0.9941499275212259,0.9928038931455788,0.9989128183889004,0.9976185545661628
"('38_thyroid', 1, 20)",0.9846759163387866,0.9956512735556016,0.994978256367778,0.9982398012010769,0.9961172085317871,0.9969973079312487,0.9982398012010768
"('38_thyroid', 2, 5)",0.9523710913232553,0.9869020501138952,0.9377200248498654,0.9979291778836198,0.9978774073307103,0.9844170635742389,0.9863325740318907
"('38_thyroid', 2, 10)",0.9158728515220543,0.9796024021536549,0.9778939739076413,0.9977738662248913,0.9980327189894388,0.9982398012010768,0.9886104783599089
"('38_thyroid', 2, 20)",0.9396873058604265,0.9924414992752124,0.9888175605715469,0.9981362600952577,0.9978256367778008,0.9953406502381446,0.98169910954649
"('38_thyroid', 3, 5)",0.7175648207823112,0.9925635813792079,0.9458132963164939,0.9921173962619603,0.988795795944673,0.9960834861930494,0.9912002379653959
"('38_thyroid', 3, 10)",0.7154330474443508,0.9870110554756828,0.9751127856824153,0.9975707699172078,0.9970750086758218,0.9519111595855435,0.9937038322343958
"('38_thyroid', 3, 20)",0.7284219919686677,0.9866144464825739,0.9874572405929305,0.9976699221654851,0.9968271280551286,0.9985127162758415,0.9976203460413464
"('44_Wilt', 1, 5)",0.5,0.6009496630614644,0.6708674068922515,0.831314899637881,0.8963284491234802,0.8852490467397299,0.8412192138900214
"('44_Wilt', 1, 10)",0.5,0.3906808316746205,0.7033262188541692,0.8054149979615818,0.8891580133816158,0.91352310606969,0.8834624331518741
"('44_Wilt', 1, 20)",0.5,0.4937528477901149,0.747691791170052,0.9645315235377346,0.9162330031895249,0.7088419386556034,0.9108132089498548
"('44_Wilt', 2, 5)",0.5,0.5391484373051308,0.35342096729939393,0.8441794916564815,0.9054151804644434,0.6814995884363074,0.8425955950213264
"('44_Wilt', 2, 10)",0.5,0.49609638073383056,0.3849242972238158,0.7377466264248833,0.9324037813973212,0.9473946771095757,0.8995036292434712
"('44_Wilt', 2, 20)",0.5,0.627871592127909,0.4865930009229004,0.9205058491930858,0.940235963183757,0.9559003267566287,0.9396622683395276
"('44_Wilt', 3, 5)",0.5,0.5195088611237679,0.5825559365932036,0.9066884097939999,0.9302621165975203,0.9445550253003668,0.7988560876759635
"('44_Wilt', 3, 10)",0.5,0.43614954795079014,0.6079042662893595,0.9444351183481619,0.9422048490371472,0.6312861219693517,0.88783903690736
"('44_Wilt', 3, 20)",0.5,0.5126741648480779,0.661382766972829,0.8521067651502434,0.9492553778268065,0.7941437444543036,0.9203578023453799
"('3_backdoor', 1, 5)",0.992199391171994,0.9996194824961948,0.9698439878234398,1.0,1.0,1.0,0.9733637747336378
"('3_backdoor', 1, 10)",0.9921518264840182,0.9921518264840182,0.9809265601217656,1.0,1.0,0.9992865296803654,0.9623287671232876
"('3_backdoor', 1, 20)",0.9922945205479452,0.99191400304414,0.9993340943683409,1.0,1.0,1.0,0.9826388888888888
"('3_backdoor', 2, 5)",0.8572685856284945,0.9294367363843447,0.958376475460758,0.9621557258231518,0.9567715883205634,0.9292296541727066,0.9316369848829985
"('3_backdoor', 2, 10)",0.8574238972872231,0.9304203768896251,0.9624145785876993,0.9853489335266101,0.9628287430109752,0.9468834127148478,0.9599554773244978
"('3_backdoor', 2, 20)",0.8588217022157797,0.907330710291986,0.9661938289500932,0.9765997100849038,0.9582211638020294,0.9600849037067717,0.947478774073307
"('3_backdoor', 3, 5)",0.8833091737419756,0.9213087595775523,0.8122799751501346,0.9857113273969766,0.9524746324290743,0.8338682957133983,0.8941033340236074
"('3_backdoor', 3, 10)",0.8842410436943466,0.9351832677572997,0.9578587699316629,0.9357527438393042,0.8851211430938083,0.9898012010768275,0.957962311037482
"('3_backdoor', 3, 20)",0.8840339614827086,0.9216193828950093,0.9730275419341479,0.9325947401118244,0.9099710084903707,0.970283702629944,0.939764961689791
"('11_donors', 1, 5)",0.2875186563008175,0.9995322002183066,0.9138134592680047,0.998396115034194,0.9979505914325811,0.985342273506939,0.8524648593259229
"('11_donors', 1, 10)",0.8319484974716536,0.8712659553139828,0.9872803011739546,1.0,0.9999777238199195,0.9995767525784679,0.9423937983114656
"('11_donors', 1, 20)",0.8439999108952798,0.9967254015281459,0.9975050678309683,0.9972377536700007,0.9979060390724198,0.9999554476398388,0.9916909848299215
"('11_donors', 2, 5)",0.5283270575578268,0.9920602474448628,0.9712748789671867,1.0,0.9983001613770845,0.9998278644432491,0.9237439483593329
"('11_donors', 2, 10)",0.568929532006455,0.9976761699838623,0.9886605701990318,1.0,0.9982140935987089,0.9988811188811189,0.9611619150080688
"('11_donors', 2, 20)",0.45615922538999465,0.9994405594405595,0.9974394835933298,1.0,0.9995696611081226,0.9996126949973104,0.9944055944055944
"('11_donors', 3, 5)",0.7559936692784149,0.9958576759999218,0.9578733464897713,0.9978311416792044,0.9821020340373982,0.9989839582641318,0.9494323843764043
"('11_donors', 3, 10)",0.7717423161843725,0.9887649231129956,0.9854432482072725,0.9999609214716974,0.9972254244905137,1.0,0.9561929697727584
"('11_donors', 3, 20)",0.7615818988256903,0.9962484612829481,0.9932980323960999,0.999882764415092,0.9983587018112898,0.9995701361886711,0.9861466617167197
"('28_pendigits', 1, 5)",0.7450300269206875,0.9987575067301719,0.9935804514392214,0.9996893766825429,0.999378753365086,0.999585835576724,0.9893870366535514
"('28_pendigits', 1, 10)",0.7378339200662662,0.9969455373783391,0.9990163594947193,0.99896458894181,0.9997929177883619,0.998861047835991,0.9986539656243529
"('28_pendigits', 1, 20)",0.7381963139366329,0.9987575067301718,0.9999482294470904,0.999896458894181,0.9995340650238144,1.0,0.9983433423068958
"('28_pendigits', 2, 5)",0.607009732863947,0.9721992130875958,0.958376475460758,0.9900082832884655,0.9936322219921309,0.901584178919031,0.9628805135638848
"('28_pendigits', 2, 10)",0.6021950714433629,0.9710602609235867,0.9710602609235867,0.9879892317249948,0.9872644439842617,0.9885069372540898,0.9834851936218678
"('28_pendigits', 2, 20)",0.5898736798509008,0.9932698281217645,0.9968937668254296,0.9952371091323255,0.9955995030026921,0.9977220956719818,0.9937357630979499
"('28_pendigits', 3, 5)",0.6913957341064403,0.9957030441085111,0.994253468627045,0.9985504245185338,0.9993269828121765,0.9990163594947193,0.9680834541312902
"('28_pendigits', 3, 10)",0.6950196728101056,0.9964796024021536,0.9986539656243528,0.9982915717539863,0.9986539656243529,0.9529405674052598,0.9511803686063368
"('28_pendigits', 3, 20)",0.7054255539449161,0.9980844895423483,0.9992234417063575,0.9983433423068958,0.9991199006005385,0.9988092772830814,0.9907330710291986
"('9_census', 1, 5)",0.7143867973611371,0.8709704272543756,0.6019645793011592,0.6865205718923644,0.6605689787933654,0.7034817173419908,0.8770160870741504
"('9_census', 1, 10)",0.7184449855362011,0.8721150444319576,0.6571559384820296,0.7643961624107719,0.6888514286903499,0.704917691619321,0.9079935901438055
"('9_census', 1, 20)",0.7214626126407359,0.8757778194002206,0.6755530582089864,0.8166739505941604,0.7478720526107676,0.7809618946535971,0.8656011321304447
"('9_census', 2, 5)",0.41801587301587295,0.8258333333333332,0.6330952380952382,0.6781944444444445,0.599047619047619,0.7079960317460318,0.8048015873015874
"('9_census', 2, 10)",0.4195238095238095,0.8407142857142857,0.666468253968254,0.6408333333333334,0.7049206349206351,0.7198214285714285,0.8494345238095238
"('9_census', 2, 20)",0.4204960317460318,0.8515873015873017,0.7323214285714286,0.829563492063492,0.7805952380952381,0.7654365079365079,0.8797222222222223
"('9_census', 3, 5)",0.8624317297809306,0.7796005562385377,0.6087184344706664,0.7251657631149357,0.6146234305407202,0.4357201878312743,0.8500574376750842
"('9_census', 3, 10)",0.7995727443116549,0.8446764344303593,0.648078357080957,0.7137789959491323,0.7084584534150226,0.6069449202926298,0.8835728249259356
"('9_census', 3, 20)",0.7647473749974808,0.893931760011286,0.6703480521574396,0.820068925210101,0.7669038070094116,0.718212781394224,0.9070517342147162
"('24_mnist', 1, 5)",0.8672234287174247,0.8934913132345427,0.6551801226366889,0.5717775932549821,0.4857562595809912,0.29750574859478796,0.9118229432805314
"('24_mnist', 1, 10)",0.886513157894737,0.9208769800715381,0.7036599386816556,0.640441364333163,0.6471959632089934,0.5552184466019418,0.9203340572304548
"('24_mnist', 1, 20)",0.8913196218702095,0.93566364333163,0.8495145631067961,0.5878896269800714,0.6746135666836995,0.7850983648441493,0.9647259836484415
"('24_mnist', 2, 5)",0.8653486471134263,0.9066210393604788,0.6649025339780268,0.3863866221477161,0.4684603555050638,0.8430984081242466,0.8711120963161031
"('24_mnist', 2, 10)",0.8523323958492082,0.8844400725972928,0.7184984552293604,0.5966693913742224,0.610329874340182,0.44819130217930425,0.9418528935008798
"('24_mnist', 2, 20)",0.8897740339988085,0.8992089111791518,0.8218872525249727,0.5143185691128999,0.6265949930035052,0.7598193380346084,0.9619556934842545
"('24_mnist', 3, 5)",0.8542299449575231,0.9022957492406605,0.6823879492437442,0.615712545676005,0.463543995436254,0.5466781788186681,0.960776453537674
"('24_mnist', 3, 10)",0.85130822245178,0.9100818699024037,0.7494179682079588,0.6258807567184199,0.6592300220478268,0.4203425893091167,0.9702893969996453
"('24_mnist', 3, 20)",0.8467907306618974,0.9131346459242357,0.8411785565611557,0.6287176798902233,0.7175257096162445,0.6602013598729551,0.9709986277925963
"('36_speech', 1, 5)",0.5199377828054299,0.7267392533936652,0.6167279411764706,0.5499151583710407,0.6486142533936652,0.6973981900452488,0.5093325791855203
"('36_speech', 1, 10)",0.5191600678733032,0.716487556561086,0.6330599547511313,0.5333003393665159,0.6379383484162896,0.6956306561085972,0.53358314479638
"('36_speech', 1, 20)",0.5238263574660633,0.8508201357466063,0.6588659502262444,0.6822680995475112,0.7512726244343891,0.7779977375565611,0.677531108597285
"('36_speech', 2, 5)",0.46177024482109225,0.7415442561205273,0.472241054613936,0.6190960451977401,0.584331450094162,0.6261393596986817,0.7110357815442562
"('36_speech', 2, 10)",0.4629001883239171,0.6970244821092278,0.511789077212806,0.6437664783427496,0.6205649717514125,0.6604143126177024,0.6103201506591338
"('36_speech', 2, 20)",0.4661393596986817,0.6281732580037666,0.5261770244821092,0.6066290018832391,0.607532956685499,0.712015065913371,0.583653483992467
"('36_speech', 3, 5)",0.4673446327683616,0.4449717514124294,0.5908097928436911,0.5116760828625235,0.5095291902071564,0.5252730696798493,0.408135593220339
"('36_speech', 3, 10)",0.46523540489642184,0.5898305084745763,0.5838794726930321,0.43563088512241055,0.3786817325800377,0.6122033898305084,0.5825988700564972
"('36_speech', 3, 20)",0.4663653483992467,0.728060263653484,0.6151412429378531,0.45958568738229755,0.5196986817325799,0.5264030131826742,0.6909981167608287
"('1_ALOI', 1, 5)",0.5429118773946361,0.5462452107279693,0.536896551724138,0.563448275862069,0.5567816091954024,0.5423371647509578,0.42984674329501915
"('1_ALOI', 1, 10)",0.5436015325670498,0.5393103448275862,0.5278160919540229,0.524904214559387,0.5227586206896552,0.49865900383141765,0.5913409961685824
"('1_ALOI', 1, 20)",0.5413793103448276,0.5133716475095785,0.514750957854406,0.4773180076628352,0.5035249042145594,0.4868965517241379,0.6113026819923372
"('1_ALOI', 2, 5)",0.4293913870398044,0.44922564868903686,0.560453742698003,0.5173549789430784,0.4974867545170493,0.5484648824887923,0.5201229452520038
"('1_ALOI', 2, 10)",0.4312933025404157,0.4612484716750441,0.6020241814970793,0.5452384186931123,0.5337590001358511,0.4742222524113571,0.5565819861431871
"('1_ALOI', 2, 20)",0.4292555359326179,0.47198070914277956,0.6269528596658063,0.5168455372911289,0.5302947969025947,0.45880315174568675,0.6435266947425621
"('1_ALOI', 3, 5)",0.42567005819707826,0.4086860129062908,0.4811354368739855,0.41648521319133774,0.406706520448157,0.47096084563917817,0.6474523932063818
"('1_ALOI', 3, 10)",0.417672908666218,0.41581218575557227,0.5265845837127361,0.4246407221188487,0.4057959539174156,0.4841442654103488,0.6943663644641513
"('1_ALOI', 3, 20)",0.4202462488617918,0.40726077833643454,0.4917455164495823,0.4045686685933727,0.42764955065521204,0.473771724929728,0.6472148541114059
"('5_campaign', 1, 5)",0.7321899899627009,0.6711111661854545,0.6118539263187895,0.6486697480761844,0.6638496139976952,0.6311602374254947,0.7637331317612361
"('5_campaign', 1, 10)",0.733565471691099,0.695200684023346,0.6106891039542002,0.6794136234649748,0.6978772971164451,0.6350016728831831,0.8709711396671582
"('5_campaign', 1, 20)",0.7341974497825252,0.7371218974212814,0.6475297091661607,0.7155974671309434,0.7195628198614603,0.6792153558284489,0.8721917248045206
"('5_campaign', 2, 5)",0.7057226399331662,0.6336306452405523,0.6215907415597819,0.6086417022949531,0.6502407980736155,0.46487542385375197,0.7300727308467247
"('5_campaign', 2, 10)",0.7053049289891395,0.6948252985404688,0.6424394319131161,0.7395326551673302,0.7893016855865154,0.6547741903779055,0.8026438645633692
"('5_campaign', 2, 20)",0.7071109145412552,0.7274558946385572,0.6332866479925304,0.7899282520025553,0.8288736547250479,0.6901567644601702,0.8233328419086932
"('5_campaign', 3, 5)",0.7728125,0.7512624999999999,0.6077,0.67235,0.7110875,0.5609375,0.7535437500000001
"('5_campaign', 3, 10)",0.7732499999999999,0.7935749999999999,0.6254875,0.6878000000000001,0.6637749999999999,0.5917375,0.80408125
"('5_campaign', 3, 20)",0.7739125,0.8082249999999999,0.622125,0.7322,0.7062999999999999,0.584925,0.859375
"('41_Waveform', 1, 5)",0.7137584319714904,0.8697127826566543,0.6963217513045692,0.8082389376776546,0.8131178142632896,0.7919901573968012,0.8936829154469474
"('41_Waveform', 1, 10)",0.7224979848118451,0.9023800432735141,0.7558864706631029,0.8255059182894234,0.8515124517415467,0.818802766110899,0.9393322302829747
"('41_Waveform', 1, 20)",0.7167706079504476,0.8795129608417123,0.79292350770014,0.8577065037546137,0.8732764838148572,0.8643248059055619,0.9146832972720716
"('41_Waveform', 2, 5)",0.7196767213949344,0.7532136947944509,0.8128208391667728,0.6895761741122566,0.6757880446311145,0.7435832166645454,0.654320987654321
"('41_Waveform', 2, 10)",0.7264435110941411,0.8369606720122185,0.8470154002800051,0.8473123753765219,0.8140935895804164,0.8130753892495014,0.8039540112850536
"('41_Waveform', 2, 20)",0.7350982139069193,0.7917780323278605,0.8559246531755124,0.9057316193627764,0.8765856348903313,0.8950405158881676,0.8978829918119724
"('41_Waveform', 3, 5)",0.6344833656046471,0.8451857067417708,0.6049551135363492,0.891480373173737,0.8407410667136068,0.8184738602358739,0.8513465939095229
"('41_Waveform', 3, 10)",0.6386639676113358,0.8524907586692484,0.6484333744059145,0.8970691779616266,0.8044358387607815,0.9152878014434079,0.8889280056328112
"('41_Waveform', 3, 20)",0.6470471747931702,0.8947808484421758,0.7862172152790001,0.9249251892272488,0.891040309804612,0.8732617496919557,0.9232969547614855
"('31_satimage-2', 1, 5)",0.494949494949495,0.9754333458037162,0.9492455418381345,0.7408654445691483,0.9840379099638359,0.9898989898989898,0.9978176830028682
"('31_satimage-2', 1, 10)",0.494949494949495,0.9987529617159248,0.9494949494949494,0.9501184686369871,0.9891507669285446,0.9251777029554807,0.9979423868312757
"('31_satimage-2', 1, 20)",0.9433844619029803,0.9973812196034418,0.978426237685497,0.8913829654570394,0.9857837635615414,0.957600698341439,0.9968200523756079
"('31_satimage-2', 2, 5)",0.49775028121484816,0.9991819204417629,0.998057061049187,0.9865016872890888,0.9997954801104407,0.9989774005522037,0.9957050823192556
"('31_satimage-2', 2, 10)",0.49775028121484816,0.9991819204417629,1.0,0.9993864403313222,0.9994887002761018,0.9993864403313222,0.9998977400552203
"('31_satimage-2', 2, 20)",0.4904386951631046,1.0,0.9997954801104407,0.9969322016566111,1.0,1.0,1.0
"('31_satimage-2', 3, 5)",0.6634867190422746,0.9998752961715924,0.9519890260631002,0.809951365506921,0.9985035540591096,0.9112108741738371,0.9958847736625515
"('31_satimage-2', 3, 10)",0.6619279211871804,0.9975059234318494,0.9988776655443322,0.8817807706696595,0.99950118468637,0.998129442573887,0.9996258885147774
"('31_satimage-2', 3, 20)",0.5,1.0,1.0,0.9998752961715924,1.0,0.9996258885147774,0.9998752961715924
"('26_optdigits', 1, 5)",0.5482543759512938,0.9984779299847792,0.8857971841704718,0.9109589041095891,0.9609969558599696,0.9660388127853882,0.9748858447488584
"('26_optdigits', 1, 10)",0.5544853500761036,1.0,0.9610445205479452,0.998668188736682,0.999048706240487,0.9988108828006088,0.9943873668188736
"('26_optdigits', 1, 20)",0.5695633561643836,1.0,0.9885369101978692,1.0,0.9992389649923897,1.0,0.999191400304414
"('26_optdigits', 2, 5)",0.6812400985741948,0.9993399049463123,0.8662647421228657,0.948336560464707,0.9158598838232707,0.7521123041718007,0.962770638972012
"('26_optdigits', 2, 10)",0.6803159654990318,0.9997799683154374,0.9656310508713255,0.8441295546558705,0.984377750396057,0.9978436894912868,0.9910667136067594
"('26_optdigits', 2, 20)",0.7091841225136419,0.9997359619785249,0.9860939975356451,0.9987678225664496,0.9995599366308748,0.9999559936630874,0.998723816229537
"('26_optdigits', 3, 5)",0.5279880302763598,0.9995159302939624,0.8945608167576131,0.9323182538285513,0.9817373701813061,0.9998679809892624,0.9683154374229889
"('26_optdigits', 3, 10)",0.5304963914803732,0.9987238162295371,0.9681834184122513,0.9985917972187995,0.9933110367892977,0.9813853194860059,0.9792730153142053
"('26_optdigits', 3, 20)",0.5444904066185531,0.9986798098926245,0.9920788593557472,1.0,0.9668632283048759,0.9996919556416124,0.9837616616792818
"('22_magic.gamma', 1, 5)",0.5746643559143558,0.6503707441207441,0.7390367234117233,0.608755265005265,0.5992014742014742,0.5531271937521938,0.7326666154791155
"('22_magic.gamma', 1, 10)",0.5750153562653563,0.6960940242190242,0.7319015444015444,0.6540507634257635,0.6033696033696033,0.6494877588627589,0.743108875921376
"('22_magic.gamma', 1, 20)",0.5733481045981046,0.7243934275184276,0.7352634696384697,0.7556324587574588,0.7393219111969112,0.6837157774657775,0.7567896630396631
"('22_magic.gamma', 2, 5)",0.5663523170608046,0.7286933410186208,0.7261956225883408,0.601315038079532,0.5931547571395788,0.524344749187441,0.6439310245448869
"('22_magic.gamma', 2, 10)",0.5661975439102103,0.5957218566373665,0.7358342539667292,0.6542207705568097,0.6493694328364582,0.5960740989800983,0.7358182429511504
"('22_magic.gamma', 2, 20)",0.565813279536321,0.624723142855618,0.7497905225461785,0.750212145956418,0.7411926071804068,0.6520806314744544,0.7458678237293925
"('22_magic.gamma', 3, 5)",0.5385688625714773,0.6141246134324996,0.708493773722748,0.5316916688180785,0.5403485836386507,0.5001895073358564,0.555822269583798
"('22_magic.gamma', 3, 10)",0.5360970277559585,0.6565687636980846,0.7062416575574977,0.5640287611713202,0.6436383211297934,0.6137401057945301,0.6515921362695068
"('22_magic.gamma', 3, 20)",0.532037725692251,0.5954265562946647,0.7280487335966295,0.6631548302398779,0.6862747252143631,0.6444402942032728,0.7253242223333022
"('32_shuttle', 1, 5)",0.6677380860728308,0.9981522827007467,0.747748094541535,0.995072753868658,0.9831973208099161,0.953229655862653,0.9991146354607746
"('32_shuttle', 1, 10)",0.6677380860728308,0.9990568942951727,0.7912079451843868,0.9990376472399722,0.9828701208715067,0.9516898914466088,0.9975363769343291
"('32_shuttle', 1, 20)",0.6673242743860189,0.9997497882823927,0.9876433905612441,0.9848525675571638,0.9838132265763337,0.9838517206867349,0.9983447532527524
"('32_shuttle', 2, 5)",0.5152231608851674,0.9832535885167464,0.9154829545454545,0.9832348983253588,0.9839451255980862,0.9532558313397128,0.9918604216507177
"('32_shuttle', 2, 10)",0.423444976076555,0.994224730861244,0.9697779605263158,0.9841507177033493,0.98590759569378,0.9338367224880383,0.9975702751196173
"('32_shuttle', 2, 20)",0.8508989982057417,0.9940565191387559,0.9855898624401914,0.9701143839712919,0.9999626196172249,0.9984860944976076,0.998130980861244
"('32_shuttle', 3, 5)",0.5129118354072397,0.997843608597285,0.2754878393665159,0.8614960407239819,0.8672228506787331,0.8396493212669685,0.9797087104072398
"('32_shuttle', 3, 10)",0.5129295107466062,0.9984092194570136,0.41418622737556554,0.9352729072398189,0.9717901583710407,0.9330634898190046,0.9871146776018099
"('32_shuttle', 3, 20)",0.5129295107466062,0.9937429298642534,0.5847709276018099,0.7612768665158371,0.827135180995475,0.868795955882353,0.9944852941176471
"('35_SpamBase', 1, 5)",0.41902945223767174,0.7305910986054345,0.3564460145001951,0.6320062026330383,0.7626260551664648,0.6739715336112879,0.6642645155990059
"('35_SpamBase', 1, 10)",0.4301767339645505,0.7297952309556572,0.35981946640925055,0.7545800899587176,0.7761301320626834,0.7292201523958183,0.7165658567643616
"('35_SpamBase', 1, 20)",0.4175070344430979,0.7293485181457824,0.3625408203084886,0.7886432253691799,0.8254482531988745,0.8548696830906364,0.8182186941608989
"('35_SpamBase', 2, 5)",0.4405471149683563,0.6890267785359417,0.43702714960110495,0.7066162980065556,0.7055958688078501,0.8263569646869653,0.8123956379228596
"('35_SpamBase', 2, 10)",0.4365890865612567,0.675853965243563,0.4375012884207054,0.7628017481292131,0.7637603331340576,0.8089323630666474,0.8015909418870726
"('35_SpamBase', 2, 20)",0.4208652002721144,0.6993341441794306,0.44143870209651814,0.8174050176255953,0.8137149807252263,0.8436218021398091,0.8035261497866375
"('35_SpamBase', 3, 5)",0.43962718258467504,0.6940773877012512,0.38299078521511476,0.7703261250489599,0.5738110453730235,0.7225205631944587,0.6632351728545218
"('35_SpamBase', 3, 10)",0.4274619142839473,0.6960512482219794,0.38173328660660916,0.6784617287513657,0.8239811169061412,0.8207136819971552,0.785812941928302
"('35_SpamBase', 3, 20)",0.44511843163124365,0.7001226576511574,0.38229503803417925,0.8072264940526501,0.8310519697375744,0.7799222824630482,0.8161732874311982
"('27_PageBlocks', 1, 5)",0.581629742321955,0.5972099593854847,0.5430799114359065,0.8112172129477444,0.6406498322443934,0.6426465993833115,0.9081215447099255
"('27_PageBlocks', 1, 10)",0.5816365340469172,0.5997093141716133,0.5438337929067224,0.849033537537864,0.8238769882774826,0.8287398633504937,0.9529673046360315
"('27_PageBlocks', 1, 20)",0.5816229505969926,0.6149227780871785,0.5471549464132901,0.8178323530610305,0.6031866773523139,0.802836224344259,0.9754682894361509
"('27_PageBlocks', 2, 5)",0.6093458216619981,0.5783146591970121,0.5652427637721755,0.7120098039215685,0.6312441643323996,0.7369864612511671,0.9372592787114846
"('27_PageBlocks', 2, 10)",0.5897963352007469,0.5426003734827264,0.5658409197012138,0.8216328197945846,0.7948471055088702,0.788048552754435,0.9366538281979458
"('27_PageBlocks', 2, 20)",0.5898036297852475,0.5350431839402428,0.57109302054155,0.7244543650793651,0.8430497198879552,0.8522992530345471,0.9467495331465919
"('27_PageBlocks', 3, 5)",0.5738026295736987,0.5926516022665873,0.5396167860458028,0.8235359315036229,0.7616204159104449,0.7997201402069853,0.947457016583771
"('27_PageBlocks', 3, 10)",0.6092423003920807,0.5461422297344103,0.541861206167999,0.8848972692888513,0.8966042754817883,0.8659305338117734,0.9385624627661785
"('27_PageBlocks', 3, 20)",0.6087851037005223,0.5718006622424805,0.5464747364191801,0.8250599204754845,0.8971307443993406,0.8404383546460882,0.964636528630211
"('25_musk', 1, 5)",1.0,0.8158280216952374,0.9120709450096995,0.4879448909299655,1.0,0.8810918880399066,1.0
"('25_musk', 1, 10)",0.8931469971099409,0.990617205748446,0.997941327843541,0.6947622629557781,1.0,0.755018013381369,1.0
"('25_musk', 1, 20)",1.0,0.998178866938517,1.0,0.9855497050556238,1.0,0.8920384813333861,1.0
"('25_musk', 2, 5)",1.0,0.9610910878112713,0.9229193971166448,0.5302260812581914,1.0,0.7538908912188728,0.9993446920052425
"('25_musk', 2, 10)",1.0,0.9825114678899083,0.9843545216251639,0.6080029488859764,0.48656618610747054,0.8075442332896461,1.0
"('25_musk', 2, 20)",1.0,0.9734600262123198,1.0,0.997993119266055,1.0,0.8986320445609436,1.0
"('25_musk', 3, 5)",0.6891009145255156,0.9604101508373253,0.9982580466368424,0.6413555564353299,0.9966348628211726,0.7444871135040976,1.0
"('25_musk', 3, 10)",0.996357733877034,0.9724850548319411,1.0,0.5339482956569935,1.0,0.7753671958509838,1.0
"('25_musk', 3, 20)",0.5154202462488617,0.9837285719941407,1.0,0.8919593016350609,1.0,0.8732333029811157,1.0
"('33_skin', 1, 5)",0.4076926108374384,0.8895448275862068,0.9223881773399014,0.9405871921182265,0.9660453201970444,0.8199802955665025,0.8762364532019705
"('33_skin', 1, 10)",0.7485556650246306,0.8825064039408868,0.9320827586206896,0.9415645320197044,0.9471054187192118,0.7201261083743842,0.8518935960591132
"('33_skin', 1, 20)",0.06139113300492611,0.9030699507389163,0.9618758620689655,0.9529615763546797,0.9709990147783252,0.9690246305418719,0.9585970443349754
"('33_skin', 2, 5)",0.3741466572504708,0.8704169609227872,0.8984963512241055,0.9610772716572504,0.94889506826742,0.8237626530131826,0.7788370998116761
"('33_skin', 2, 10)",0.40531941501883234,0.8753457509416196,0.940803024952919,0.9555893950094162,0.9760475517890772,0.9754663959510358,0.915430790960452
"('33_skin', 2, 20)",0.4098656720809793,0.853210334274953,0.9724061322975518,0.9631738465160075,0.9720162429378532,0.9580243644067796,0.9593558733521657
"('33_skin', 3, 5)",0.38363241094907957,0.8828218383934976,0.9118903896724838,0.9338542911785799,0.9082969758546497,0.8008755677743247,0.9101459777671528
"('33_skin', 3, 10)",0.31226093712646424,0.8545451828830983,0.9632889074826679,0.9710360387281856,0.9840425531914894,0.9360506813291896,0.9434989839827875
"('33_skin', 3, 20)",0.436562425292852,0.8748057614152522,0.972500298828592,0.979679655749462,0.9850510996892182,0.977968862060722,0.9764149533827396
"('8_celeba', 1, 5)",0.6509892745320099,0.8848178002797948,0.7773632669375791,0.8215974951702084,0.8387182732662714,0.8451135833721937,0.8068083405502631
"('8_celeba', 1, 10)",0.6546532542801945,0.9028712277663048,0.7873559389780828,0.8932116447938179,0.8946106188794883,0.9239224568649658,0.8824861768036772
"('8_celeba', 1, 20)",0.6525214842448871,0.8794883751915262,0.7892878555725801,0.9106655119578976,0.9141296382652722,0.9259209912730664,0.9113316900939312
"('8_celeba', 2, 5)",0.6099088838268794,0.944657278939739,0.8052391799544419,0.9080037274798095,0.8788569061917582,0.8908159039138539,0.839537171256989
"('8_celeba', 2, 10)",0.6129115758956305,0.9261234209981364,0.8181300476289086,0.9262269621039553,0.9355456616276663,0.9237937461172084,0.836715676123421
"('8_celeba', 2, 20)",0.6179850900807621,0.9361669082625803,0.8696935183267758,0.9578069993787534,0.954183060675088,0.893715054876786,0.9309380824187203
"('8_celeba', 3, 5)",0.6471022727272727,0.8991477272727273,0.7062499999999999,0.9385795454545455,0.8453977272727273,0.8406250000000001,0.8187215909090909
"('8_celeba', 3, 10)",0.6473295454545455,0.9082954545454545,0.7795454545454545,0.9406818181818182,0.933409090909091,0.9179545454545455,0.8094886363636363
"('8_celeba', 3, 20)",0.6500568181818182,0.8899431818181819,0.8089204545454545,0.935965909090909,0.9330681818181819,0.8961931818181817,0.8973863636363637
"('19_landsat', 1, 5)",0.5631532182765578,0.612948405168519,0.753426101623445,0.652834251980362,0.6226167886509443,0.6539260865636577,0.6517951266528117
"('19_landsat', 1, 10)",0.565517604891419,0.6156817565735971,0.7713924279389176,0.7442019818680159,0.6996852504442637,0.602045119122918,0.7107428993102618
"('19_landsat', 1, 20)",0.5661877654287522,0.6390545465498028,0.8253667058221138,0.7720249390078613,0.7625372729737057,0.7446462455950122,0.7970543055932051
"('19_landsat', 2, 5)",0.4820260820260821,0.7081534681534682,0.6691740691740693,0.5960612360612362,0.5662294462294463,0.5533925533925534,0.6588357588357587
"('19_landsat', 2, 10)",0.4832659232659233,0.6704743904743905,0.766962766962767,0.7842071442071442,0.7088338688338688,0.7358760158760159,0.7247174447174447
"('19_landsat', 2, 20)",0.48376488376488375,0.6835607635607635,0.8364392364392365,0.8241088641088641,0.7790965790965793,0.8399470799470801,0.811937251937252
"('19_landsat', 3, 5)",0.42441877319109467,0.65234375,0.6618303571428572,0.6643741303339518,0.590785888218924,0.6406467416512058,0.680720228432282
"('19_landsat', 3, 10)",0.4232084879406308,0.6583806818181818,0.7533772031539888,0.7062775394248609,0.7000956632653061,0.6956458719851578,0.7241093170222634
"('19_landsat', 3, 20)",0.4210923005565862,0.6611926020408163,0.7979403409090909,0.6929354128014843,0.7301788613172542,0.6578951182745826,0.7882363172541744
"('2_annthyroid', 1, 5)",0.7357360011312217,0.6570100395927602,0.6971507352941176,0.8305465214932127,0.8386948529411766,0.4020432692307693,0.909060378959276
"('2_annthyroid', 1, 10)",0.6867929864253394,0.697574943438914,0.6748444570135748,0.8176258484162896,0.8376696832579186,0.80311439479638,0.9311545531674209
"('2_annthyroid', 1, 20)",0.7483031674208145,0.6298253676470588,0.7530224830316742,0.8282840780542988,0.8345764988687783,0.8733915441176471,0.9869379242081447
"('2_annthyroid', 2, 5)",0.5995919008005022,0.6161600306946406,0.7276199445403653,0.6194736566734684,0.6628472767226495,0.7201730061563683,0.9884110291424684
"('2_annthyroid', 2, 10)",0.5888487765744083,0.5609619979420639,0.7332007882941802,0.6325188789480108,0.6648528924466768,0.9001203369434416,0.9880709464762203
"('2_annthyroid', 2, 20)",0.6346291354924223,0.6267113134166973,0.770540121034549,0.6281937250388043,0.6671898707685868,0.8352081480318806,0.9897103193289035
"('2_annthyroid', 3, 5)",0.588074035584383,0.7492429807743992,0.7515722706993244,0.9177760656501408,0.888857035351454,0.936697066886456,0.8856049882639624
"('2_annthyroid', 3, 10)",0.5918008994642632,0.7186396946838437,0.8048055042912688,0.8453889018293885,0.8620522836000073,0.8337962050491837,0.918600275931268
"('2_annthyroid', 3, 20)",0.5932522262636398,0.764831305656591,0.8530934761964487,0.704896884126785,0.792890290444536,0.862177706903657,0.9755424557882855
"('30_satellite', 1, 5)",0.5164260039837716,0.5994786112098589,0.5790575502626694,0.6219987698835904,0.5573273746043031,0.4759478385500426,0.7494371371015522
"('30_satellite', 1, 10)",0.5093979765149337,0.689028828737325,0.6346921041197614,0.5667338152229727,0.768783256874263,0.5795258973360644,0.7410266393558254
"('30_satellite', 1, 20)",0.5093754055716374,0.6892319672269904,0.6860833206371776,0.7285505504488796,0.8571541426145052,0.7548062002381235,0.8602971464684939
"('30_satellite', 2, 5)",0.5120538932948812,0.7031024693583273,0.6132953316510454,0.6009767033165104,0.4191206290555155,0.5261130136986302,0.6936621304974766
"('30_satellite', 2, 10)",0.5120538932948812,0.6068515681326604,0.6266729001441962,0.5765478550829127,0.5694281723143475,0.596588860850757,0.7952133651766402
"('30_satellite', 2, 20)",0.5103471971881759,0.7367012887527036,0.6602942501802451,0.6213500360490267,0.8017923125450612,0.754939843186734,0.8521313987022351
"('30_satellite', 3, 5)",0.5000761769336245,0.6691833268441872,0.6156506920815488,0.5508100147275405,0.5923856922790446,0.551351717366648,0.7442966047658547
"('30_satellite', 3, 10)",0.49917898193760263,0.6604258008452818,0.6203003064005552,0.5639068045751302,0.6503422319277279,0.49008289178925507,0.6717366648045638
"('30_satellite', 3, 20)",0.49917898193760263,0.6294979657937354,0.626998233823687,0.5709432961477042,0.5585067063915269,0.5926734718060704,0.7759269604274937
